Huntington Beach,Subculture Extraordinary Sandwiches,85,4.5,['Sandwiches'],/biz/subculture-extraordinary-sandwiches-huntington-beach,(2.5k reviews)
Huntington Beach,The Beach House Seal Beach,108,3.7,"['Breakfast & Brunch', 'Cocktail Bars']",/biz/the-beach-house-seal-beach-seal-beach,(257 reviews)
Huntington Beach,Trust,151,4.8,"['Tapas/Small Plates', 'American (New)']",/biz/trust-santa-ana,(580 reviews)
Huntington Beach,Peruvian Rotisserie Chicken,203,4.0,"['Peruvian', 'Chicken Shop', 'Seafood']",/biz/peruvian-rotisserie-chicken-huntington-beach-2,(601 reviews)
Irvine,Ever After Tearoom & Eatery,28,4.6,"['Taiwanese', 'Tea Rooms', 'Shaved Snow']",/biz/ever-after-tearoom-and-eatery-irvine,(157 reviews)
Irvine,Little Sister,89,3.7,['Vietnamese'],/biz/little-sister-irvine,(1.2k reviews)
Irvine,Marufuku Ramen Irvine,123,4.3,['Ramen'],/biz/marufuku-ramen-irvine-irvine,(609 reviews)
Irvine,"Snooze, an A.M. Eatery",158,4.3,"['Breakfast & Brunch', 'American (Traditional)', 'Cocktail Bars']",/biz/snooze-an-a-m-eatery-orange-2,(1.7k reviews)
Irvine,Dun Huang,189,3.9,['Chinese'],/biz/dun-huang-irvine-2,(206 reviews)
La Jolla,Shore Rider,9,4.4,"['Seafood', 'Burgers', 'Cocktail Bars']",/biz/shore-rider-la-jolla,(700 reviews)
La Jolla,Lucrezia La Jolla,86,3.7,"['Italian', 'Pizza']",/biz/lucrezia-la-jolla-san-diego,(30 reviews)
La Jolla,Spice & Rice Thai Kitchen,95,3.8,"['Thai', 'Desserts', 'Noodles']",/biz/spice-and-rice-thai-kitchen-la-jolla-2,(840 reviews)
La Jolla,Clay Oven Indian Cuisine,137,4.2,['Indian'],/biz/clay-oven-indian-cuisine-la-jolla,(66 reviews)
La Jolla,Marketplace Grille,194,4.1,"['Mediterranean', 'Greek', 'Persian/Iranian']",/biz/marketplace-grille-la-jolla,(217 reviews)
Livermore,Rosniyom Thai Street Food,12,4.6,"['Thai', 'Soup', 'Noodles']",/biz/rosniyom-thai-street-food-livermore,(275 reviews)
Livermore,Beer Baron Bar & Kitchen,66,3.9,"['Beer Bar', 'Cocktail Bars', 'American (New)']",/biz/beer-baron-bar-and-kitchen-pleasanton-3,(735 reviews)
Livermore,Tacoguacamole,97,4.5,['Tacos'],/biz/tacoguacamole-livermore,(2 reviews)
Livermore,Canton Village,145,4.0,['Chinese'],/biz/canton-village-livermore,(293 reviews)
Livermore,Stockmens Club,204,5.0,"['Social Clubs', 'Restaurants', 'Bars']",/biz/stockmens-club-livermore,(1 review)
Long Beach,Smoke & Fire Social Eatery,45,4.7,"['Comfort Food', 'Barbeque', 'Chicken Shop']",/biz/smoke-and-fire-social-eatery-paramount-2,(2.8k reviews)
Long Beach,39 Degrees,50,4.5,"['Japanese', 'Sushi Bars']",/biz/39-degrees-long-beach,(2.4k reviews)
Long Beach,Charm Siam Restaurant,129,5.0,"['Salad', 'Noodles', 'Thai']",/biz/charm-siam-restaurant-long-beach-2,(1 review)
Long Beach,Sushi Nikkei - Bixby Knolls,167,4.5,"['Japanese', 'Peruvian', 'Sushi Bars']",/biz/sushi-nikkei-bixby-knolls-long-beach-2,(226 reviews)
Long Beach,Habana Vieja Cuban Cuisine,197,4.1,['Cuban'],/biz/habana-vieja-cuban-cuisine-torrance,(1.3k reviews)
Los Altos,State Street Market,34,3.6,['Food Court'],/biz/state-street-market-los-altos,(116 reviews)
Los Altos,Burma Love,76,4.6,['Burmese'],/biz/burma-love-menlo-park,(40 reviews)
Los Altos,Noodle Talk Home Cuisine,101,3.5,"['Chinese', 'Noodles']",/biz/noodle-talk-home-cuisine-los-altos,(342 reviews)
Los Altos,Dumpling Garden,139,3.6,"['Dim Sum', 'Shanghainese']",/biz/dumpling-garden-mountain-view,(310 reviews)
Los Altos,Sabor Latino,206,4.9,"['Tacos', 'Latin American', 'Food Trucks']",/biz/sabor-latino-mountain-view,(7 reviews)
Los Altos,Craftsman and Wolves,210,4.3,"['Bakeries', 'Patisserie/Cake Shop', 'Cafes']",/biz/craftsman-and-wolves-palo-alto,(18 reviews)
Los Angeles,Calic Bagel,73,5.0,"['Bagels', 'Cafes', 'Sandwiches']",/biz/calic-bagel-los-angeles,(3 reviews)
Los Angeles,LA Rose Cafe,96,4.2,['Filipino'],/biz/la-rose-cafe-los-angeles-2,(1.2k reviews)
Los Angeles,MIAN | 滋味小面,163,4.2,"['Chinese', 'Noodles']",/biz/mian-%E6%BB%8B%E5%91%B3%E5%B0%8F%E9%9D%A2-los-angeles,(385 reviews)
Los Angeles,Wood & Vine,198,3.7,"['American (New)', 'Cocktail Bars']",/biz/wood-and-vine-los-angeles,(1.6k reviews)
Los Gatos,Shepherd & Sims,4,4.1,"['Bars', 'American (New)']",/biz/shepherd-and-sims-los-gatos-2,(272 reviews)
Los Gatos,Main Street Burgers,54,3.8,"['Burgers', 'American (Traditional)', 'Halal']",/biz/main-street-burgers-los-gatos,(1k reviews)
Los Gatos,Shawowrma Mediterranean Street Food,119,4.2,"['Falafel', 'Middle Eastern']",/biz/shawowrma-mediterranean-street-food-san-jose,(49 reviews)
Los Gatos,Shangri-La Chinese Restaurant,157,3.1,['Chinese'],/biz/shangri-la-chinese-restaurant-los-gatos,(270 reviews)
Los Gatos,Rose Market - Saratoga,209,3.3,"['Caterers', 'International Grocery', 'Persian/Iranian']",/biz/rose-market-saratoga-saratoga-2,(276 reviews)
Marina del Rey,South End,14,4.4,"['Wine Bars', 'Pizza', 'American (New)']",/biz/south-end-venice,(1k reviews)
Marina del Rey,Tacos La Opcion,85,4.8,['Tacos'],/biz/tacos-la-opcion-los-angeles-2,(106 reviews)
Marina del Rey,The Penmar,92,4.3,['American (Traditional)'],/biz/the-penmar-venice-4,(69 reviews)
Marina del Rey,Layla Bagels and Coffee,137,4.4,"['Bagels', 'Coffee & Tea', 'Sandwiches']",/biz/layla-bagels-and-coffee-santa-monica,(209 reviews)
Marina del Rey,Señor G’s Fresh & Healthy Mexican Food,175,4.4,"['Mexican', 'Juice Bars & Smoothies', 'Breakfast & Brunch']",/biz/se%C3%B1or-gs-fresh-and-healthy-mexican-food-playa-del-rey-4,(751 reviews)
Marina del Rey,SoCal Vibes Abbot Kinney,180,4.8,"['Bars', 'American (New)', 'Breweries']",/biz/socal-vibes-abbot-kinney-los-angeles,(17 reviews)
Menlo Park,The Melt,63,3.8,"['Sandwiches', 'American (Traditional)', 'Burgers']",/biz/the-melt-palo-alto-6,(1.1k reviews)
Menlo Park,Crepevine Restaurants,70,3.9,"['Breakfast & Brunch', 'Creperies', 'American (New)']",/biz/crepevine-restaurants-palo-alto-2,(1.5k reviews)
Menlo Park,Menlo Cafe,139,3.7,"['Breakfast & Brunch', 'Cafes']",/biz/menlo-cafe-menlo-park,(112 reviews)
Menlo Park,Douce France Cafe,177,3.9,"['Bakeries', 'French', 'Creperies']",/biz/douce-france-cafe-palo-alto,(664 reviews)
Mill Valley,Buckeye Roadhouse,14,4.1,"['Steakhouses', 'American (Traditional)', 'Desserts']",/biz/buckeye-roadhouse-mill-valley-2,(1.6k reviews)
Mill Valley,Fieldwork Brewing Company,84,4.2,"['Salad', 'Beer Bar', 'Pizza']",/biz/fieldwork-brewing-company-corte-madera,(109 reviews)
Mill Valley,Menya Shono,112,3.9,['Ramen'],/biz/menya-shono-san-rafael,(210 reviews)
Mill Valley,Insalata’s,132,3.8,['Mediterranean'],/biz/insalatas-san-anselmo,(455 reviews)
Mill Valley,Sausalito Equator,198,3.7,"['Coffee & Tea', 'Cafes']",/biz/sausalito-equator-sausalito,(147 reviews)
Millbrae,Mazra,22,4.7,"['Mediterranean', 'Barbeque', 'Tapas/Small Plates']",/biz/mazra-san-bruno,(1.9k reviews)
Millbrae,IPOT Plus,53,4.1,"['Hot Pot', 'Chinese']",/biz/ipot-plus-millbrae,(229 reviews)
Millbrae,Neal’s Coffee Shop,102,3.9,"['American (Traditional)', 'Diners', 'Seafood']",/biz/neals-coffee-shop-burlingame-3,(388 reviews)
Millbrae,New Broadway Bistro,142,3.7,['Chinese'],/biz/new-broadway-bistro-millbrae-4,(19 reviews)
Millbrae,Café Figaro,195,4.2,"['Italian', 'Wine Bars', 'Mediterranean']",/biz/caf%C3%A9-figaro-burlingame-2,(376 reviews)
Milpitas,Lucky Dumpling,19,4.2,"['Dim Sum', 'Noodles']",/biz/lucky-dumpling-milpitas-2,(151 reviews)
Milpitas,MLBB Hot Pot,73,4.3,['Hot Pot'],/biz/mlbb-hot-pot-milpitas,(135 reviews)
Milpitas,New Pho Saigon Noodle & Grill Restaurant,80,4.2,"['Vietnamese', 'Chinese', 'Soup']",/biz/new-pho-saigon-noodle-and-grill-restaurant-milpitas-4,(740 reviews)
Milpitas,QQ Noodle,166,3.3,['Noodles'],/biz/qq-noodle-milpitas,(704 reviews)
Milpitas,Joe’s Taco Shop,189,4.8,"['Caterers', 'Tacos', 'Food Trucks']",/biz/joes-taco-shop-san-jose,(111 reviews)
Monterey,Wave Street Café,9,4.3,"['Breakfast & Brunch', 'Sandwiches', 'Burgers']",/biz/wave-street-caf%C3%A9-monterey-4,(898 reviews)
Monterey,Petra Cafe,83,4.3,"['Mediterranean', 'Cafes']",/biz/petra-cafe-monterey,(251 reviews)
Monterey,Maligne,119,4.1,"['American (New)', 'Seafood']",/biz/maligne-seaside,(58 reviews)
Monterey,Nura Sushi & Island Grill,167,4.5,"['Sushi Bars', 'Seafood']",/biz/nura-sushi-and-island-grill-pacific-grove,(70 reviews)
Monterey,Avatar Indo-Nepal,192,5.0,"['Himalayan/Nepalese', 'Food Trucks']",/biz/avatar-indo-nepal-monterey,(1 review)
Mountain View,Udon Mugizo Mountain View,13,4.3,"['Japanese', 'Noodles']",/biz/udon-mugizo-mountain-view-mountain-view-2,(698 reviews)
Mountain View,Nori Nori - Craft Handrolls,74,3.8,"['Sushi Bars', 'Tapas/Small Plates']",/biz/nori-nori-craft-handrolls-mountain-view,(84 reviews)
Mountain View,Square Pie Guys,95,5.0,"['Chicken Wings', 'Pizza']",/biz/square-pie-guys-palo-alto,(2 reviews)
Mountain View,Añejo Cantina & Kitchen,162,4.7,"['Cocktail Bars', 'Mexican']",/biz/a%C3%B1ejo-cantina-and-kitchen-san-jose,(290 reviews)
Mountain View,Lados,209,4.2,"['Halal', 'Pakistani', 'Indian']",/biz/lados-sunnyvale-5,(508 reviews)
Mountain View,Tommy Thai,210,3.5,"['Cambodian', 'Thai', 'Asian Fusion']",/biz/tommy-thai-mountain-view,(845 reviews)
Napa,Norman Rose Tavern,57,3.8,"['American (New)', 'Bars']",/biz/norman-rose-tavern-napa,(721 reviews)
Napa,The Village Bistro,92,3.8,"['Wine Bars', 'Cocktail Bars', 'Seafood']",/biz/the-village-bistro-napa,(8 reviews)
Napa,Angele Restaurant & Bar,135,3.7,"['French', 'Brasseries', 'Cocktail Bars']",/biz/angele-restaurant-and-bar-napa-3,(1.2k reviews)
Napa,La Taquiza Fish Tacos,203,4.0,"['Tacos', 'Seafood']",/biz/la-taquiza-fish-tacos-napa,(332 reviews)
Napa,Asian Fusion Cuisine,210,3.5,"['Chinese', 'Asian Fusion', 'Bubble Tea']",/biz/asian-fusion-cuisine-napa,(45 reviews)
Newark,Himalayan Chef Kitchen,88,4.4,"['Asian Fusion', 'Himalayan/Nepalese', 'Indian']",/biz/himalayan-chef-kitchen-newark,(89 reviews)
Newark,Guy’s Burger Joint,101,1.0,['Burgers'],/biz/guys-burger-joint-mountain-view,(4 reviews)
Newark,Son & Garden - Palo Alto,149,4.2,"['American (New)', 'Breakfast & Brunch', 'Cocktail Bars']",/biz/son-and-garden-palo-alto-palo-alto,(198 reviews)
Newark,Anatolian Kitchen,179,4.2,['Mediterranean'],/biz/anatolian-kitchen-palo-alto-6,(57 reviews)
Newport Beach,Farmhouse at Roger’s Gardens,15,4.1,['American (Traditional)'],/biz/farmhouse-at-rogers-gardens-corona-del-mar,(1.7k reviews)
Newport Beach,Boil & Bake,84,4.5,"['Bagels', 'Breakfast & Brunch']",/biz/boil-and-bake-costa-mesa,(275 reviews)
Newport Beach,Splashes Restaurant,112,4.0,"['American (New)', 'Breakfast & Brunch', 'Cocktail Bars']",/biz/splashes-restaurant-laguna-beach,(1.5k reviews)
Newport Beach,Marché Moderne,166,4.1,"['French', 'American (New)', 'Wine Bars']",/biz/march%C3%A9-moderne-newport-beach,(498 reviews)
Newport Beach,Urth Caffé - Laguna Beach,203,3.2,"['Coffee & Tea', 'Breakfast & Brunch', 'Desserts']",/biz/urth-caff%C3%A9-laguna-beach-laguna-beach-3,(2.6k reviews)
Oakland,Wood Tavern,15,4.3,['American (New)'],/biz/wood-tavern-oakland,(2.2k reviews)
Oakland,Palmetto,51,3.9,"['Steakhouses', 'American (New)', 'Wine Bars']",/biz/palmetto-oakland,(180 reviews)
Oakland,The Sabaya Company,96,5.0,"['Middle Eastern', 'Bakeries', 'Specialty Food']",/biz/the-sabaya-company-piedmont,(4 reviews)
Oakland,Rio California,162,4.6,"['Brazilian', 'American (New)']",/biz/rio-california-oakland,(501 reviews)
Oakland,Good To Eat,170,4.4,"['Taiwanese', 'Tapas/Small Plates']",/biz/good-to-eat-emeryville-3,(181 reviews)
Orange County,Habana,13,4.0,"['Cuban', 'Cocktail Bars']",/biz/habana-irvine-7,(3.7k reviews)
Orange County,Vaca,65,3.9,"['Tapas/Small Plates', 'Spanish', 'Steakhouses']",/biz/vaca-costa-mesa,(1.7k reviews)
Orange County,Tomikawa Japanese Restaurant,121,3.8,"['Japanese', 'Sushi Bars']",/biz/tomikawa-japanese-restaurant-irvine,(2.3k reviews)
Orange County,Taiko,165,3.7,"['Japanese', 'Sushi Bars']",/biz/taiko-irvine,(2.3k reviews)
Orange County,Bay Poke,176,3.7,"['Hawaiian', 'Poke', 'Bubble Tea']",/biz/bay-poke-irvine-3,(310 reviews)
Palo Alto,Naschmarkt - Palo Alto,9,4.5,"['Modern European', 'Austrian', 'German']",/biz/naschmarkt-palo-alto-palo-alto,(103 reviews)
Palo Alto,Café Pro Bono,67,3.9,['Italian'],/biz/caf%C3%A9-pro-bono-palo-alto-3,(826 reviews)
Palo Alto,Udon Mugizo Mountain View,111,4.3,"['Japanese', 'Noodles']",/biz/udon-mugizo-mountain-view-mountain-view-2,(698 reviews)
Palo Alto,Wood Oven Pizza,142,3.8,['Pizza'],/biz/wood-oven-pizza-palo-alto,(46 reviews)
Palo Alto,YAYOI,199,3.6,"['Japanese', 'Comfort Food']",/biz/yayoi-palo-alto-3,(726 reviews)
Park La Brea,Angelini Osteria,47,4.2,"['Italian', 'Wine Bars', 'Pizza']",/biz/angelini-osteria-los-angeles,(2.1k reviews)
Park La Brea,La La Land Kind Cafe,51,4.0,"['Coffee & Tea', 'Cafes']",/biz/la-la-land-kind-cafe-los-angeles,(159 reviews)
Park La Brea,Fortune House Chinese Cuisine,102,3.8,"['Noodles', 'Cantonese']",/biz/fortune-house-chinese-cuisine-los-angeles,(431 reviews)
Park La Brea,Sake House Miro,132,3.8,"['Sushi Bars', 'Ramen', 'Izakaya']",/biz/sake-house-miro-los-angeles,(508 reviews)
Park La Brea,Uncle Paulie’s Deli,187,4.1,"['Delis', 'Sandwiches', 'Salad']",/biz/uncle-paulies-deli-los-angeles-4,(347 reviews)
Pasadena,WAKE AND LATE,28,4.1,['Breakfast & Brunch'],/biz/wake-and-late-pasadena,(48 reviews)
Pasadena,Dog Haus,55,4.3,"['American (New)', 'Burgers', 'Cocktail Bars']",/biz/dog-haus-pasadena-4,(2.1k reviews)
Pasadena,Cos&Pi,60,4.4,"['Breakfast & Brunch', 'Coffee & Tea', 'Beer, Wine & Spirits']",/biz/cos-and-pi-south-pasadena,(1k reviews)
Pasadena,Joy,144,4.5,"['Taiwanese', 'Coffee & Tea', 'Noodles']",/biz/joy-los-angeles-11,(1.6k reviews)
Pasadena,Tacos Poncitlan,199,4.3,['Tacos'],/biz/tacos-poncitlan-pasadena-4,(60 reviews)
Pleasanton,Special Noodle,17,4.4,"['Noodles', 'Dim Sum']",/biz/special-noodle-pleasanton-7,(187 reviews)
Pleasanton,Sourdough & Co,52,4.4,"['Sandwiches', 'Soup', 'Salad']",/biz/sourdough-and-co-pleasanton,(13 reviews)
Pleasanton,Hong Kong Cafe,60,3.0,['Hong Kong Style Cafe'],/biz/hong-kong-cafe-dublin-2,(83 reviews)
Pleasanton,Teriyaki City Grill - Pleasanton,130,4.1,"['Fast Food', 'Teppanyaki']",/biz/teriyaki-city-grill-pleasanton-pleasanton,(55 reviews)
Pleasanton,Annachi Kadai,206,3.2,['Indian'],/biz/annachi-kadai-pleasanton-2,(104 reviews)
Redondo Beach,Bettolino Kitchen,46,4.4,"['Italian', 'Beer, Wine & Spirits']",/biz/bettolino-kitchen-redondo-beach-3,(898 reviews)
Redondo Beach,Little Sister,69,3.9,['Vietnamese'],/biz/little-sister-redondo-beach-4,(518 reviews)
Redondo Beach,Vida Modern Mexican + Tequila,114,4.5,"['Mexican', 'Salad', 'Soup']",/biz/vida-modern-mexican-tequila-redondo-beach,(218 reviews)
Redondo Beach,El Cinco De Mayo,144,4.4,['Mexican'],/biz/el-cinco-de-mayo-redondo-beach,(65 reviews)
Redondo Beach,Pick Your Plate,176,4.6,"['Fast Food', 'Filipino']",/biz/pick-your-plate-hawthorne,(226 reviews)
Redwood City,El Camaron RWC,34,4.4,"['Mexican', 'Sushi Bars', 'Seafood']",/biz/el-camaron-rwc-redwood-city-2,(38 reviews)
Redwood City,Cuco’s Burritos,63,4.6,"['Mexican', 'Breakfast & Brunch']",/biz/cuco-s-burritos-redwood-city,(366 reviews)
Redwood City,Selby’s,70,3.9,"['American (New)', 'Steakhouses', 'Burgers']",/biz/selbys-redwood-city-2,(271 reviews)
Redwood City,Sweet Basil Thai Cuisine,163,3.8,"['Thai', 'Seafood', 'Soup']",/biz/sweet-basil-thai-cuisine-foster-city,(1.8k reviews)
Redwood City,Hot Wok Bistro Too,197,4.2,['Chinese'],/biz/hot-wok-bistro-too-san-carlos-2,(305 reviews)
Sacramento,Sumer Nights,1,4.8,['Mediterranean'],/biz/sumer-nights-sacramento,(42 reviews)
Sacramento,Home & Bar,82,4.6,"['Barbeque', 'Hot Pot', 'Beer Bar']",/biz/home-and-bar-sacramento-2,(5 reviews)
Sacramento,Mulvaney’s B & L,107,4.4,['American (New)'],/biz/mulvaneys-b-and-l-sacramento,(1.3k reviews)
Sacramento,Gaspachos 2.0,131,4.5,['Mexican'],/biz/gaspachos-2-0-arden-arcade,(85 reviews)
Sacramento,Dumpling House,202,4.2,['Pan Asian'],/biz/dumpling-house-sacramento-2,(338 reviews)
San Bruno,Mama Go’s Filipino Cuisine,48,4.3,"['Breakfast & Brunch', 'Filipino', 'Vegan']",/biz/mama-go-s-filipino-cuisine-san-francisco-2,(66 reviews)
San Bruno,Love Burn,81,4.4,"['Chicken Shop', 'Sandwiches']",/biz/love-burn-south-san-francisco,(340 reviews)
San Bruno,Little Vietnamese Bistro,96,3.7,"['Vietnamese', 'Noodles']",/biz/little-vietnamese-bistro-san-bruno,(168 reviews)
San Bruno,Koi Palace Express,152,2.7,['Dim Sum'],/biz/koi-palace-express-san-francisco-2,(106 reviews)
San Bruno,JoAnn’s Cafe,184,3.8,"['American (Traditional)', 'Breakfast & Brunch']",/biz/joanns-cafe-south-san-francisco,(762 reviews)
San Carlos,Brochette Dumpling and Grill,49,4.2,"['Asian Fusion', 'Chinese', 'Cocktail Bars']",/biz/brochette-dumpling-and-grill-redwood-city,(50 reviews)
San Carlos,Marsha’s Lunchbox,54,4.0,['Delis'],/biz/marshas-lunchbox-san-carlos-2,(78 reviews)
San Carlos,The Tavern - Belmont,105,2.5,"['American (New)', 'Breakfast & Brunch', 'Cocktail Bars']",/biz/the-tavern-belmont-belmont-2,(127 reviews)
San Carlos,Vivace Ristorante,142,3.8,['Italian'],/biz/vivace-ristorante-belmont,(516 reviews)
San Carlos,Lorenzo’s Sandwich Shop,172,4.4,['Sandwiches'],/biz/lorenzos-sandwich-shop-belmont,(518 reviews)
San Diego,Adrian’s Surf N’ Turf Grill,28,4.8,"['Seafood', 'Steakhouses', 'Sandwiches']",/biz/adrians-surf-n-turf-grill-san-diego,(671 reviews)
San Diego,Madi,89,4.2,"['Breakfast & Brunch', 'Coffee & Tea']",/biz/madi-san-diego-3,(339 reviews)
San Diego,Mission + Garnet Food Hall,122,4.3,['Food Court'],/biz/mission-garnet-food-hall-san-diego,(9 reviews)
San Diego,True Food Kitchen,169,4.2,"['American (New)', 'Vegetarian', 'Vegan']",/biz/true-food-kitchen-san-diego-8,(3k reviews)
San Diego,Trattoria Don Pietro,196,4.3,"['Pizza', 'Sicilian', 'Cocktail Bars']",/biz/trattoria-don-pietro-san-diego,(981 reviews)
San Francisco,Lily,18,4.3,['Vietnamese'],/biz/lily-san-francisco,(404 reviews)
San Francisco,Sotto Mare,20,4.3,"['Seafood', 'Italian', 'Bars']",/biz/sotto-mare-san-francisco-4,(5.1k reviews)
San Francisco,San Tung,94,4.1,"['Chinese', 'Chicken Wings', 'Noodles']",/biz/san-tung-san-francisco-2,(8k reviews)
San Francisco,Jaranita,146,4.2,"['Peruvian', 'Latin American', 'Cocktail Bars']",/biz/jaranita-san-francisco-4,(458 reviews)
San Francisco,Chome,186,4.6,"['Izakaya', 'Gastropubs', 'Ramen']",/biz/chome-san-francisco-3,(311 reviews)
San Jose,ABVE The Basics,18,4.5,"['Tacos', 'Cocktail Bars']",/biz/abve-the-basics-san-jose-3,(257 reviews)
San Jose,Cafe Eden,82,4.8,"['Cafes', 'Mediterranean', 'Breakfast & Brunch']",/biz/cafe-eden-san-jose-5,(104 reviews)
San Jose,Chikin Drip,103,4.3,"['Chicken Shop', 'Halal', 'Food Trucks']",/biz/chikin-drip-san-jose,(334 reviews)
San Jose,Il Fornaio,166,4.2,"['Pizza', 'Seafood', 'Italian']",/biz/il-fornaio-santa-clara-2,(1.9k reviews)
San Jose,Seorai Korean bbq,183,4.1,"['Korean', 'Barbeque', 'Asian Fusion']",/biz/seorai-korean-bbq-santa-clara,(340 reviews)
San Jose,Sifu Wong Kitchen,190,3.9,"['Dim Sum', 'Cantonese', 'Seafood']",/biz/sifu-wong-kitchen-sunnyvale-3,(807 reviews)
San Leandro,Ten Seconds Yunnan Rice Noodle,51,4.0,"['Chinese', 'Noodles', 'Bubble Tea']",/biz/ten-seconds-yunnan-rice-noodle-san-leandro,(264 reviews)
San Leandro,Wild Ginger,95,4.3,"['Chinese', 'Noodles', 'Burgers']",/biz/wild-ginger-alameda,(628 reviews)
San Leandro,Monkey King At the Brewery,152,3.9,"['Cajun/Creole', 'Chicken Wings']",/biz/monkey-king-at-the-brewery-alameda,(535 reviews)
San Leandro,Taqueria La Laguna,195,3.8,['Mexican'],/biz/taqueria-la-laguna-san-leandro,(38 reviews)
San Mateo,Sapporo Rock-N-Roll Sushi Restaurant,26,4.6,"['Japanese', 'Sushi Bars']",/biz/sapporo-rock-n-roll-sushi-restaurant-san-mateo,(695 reviews)
San Mateo,La Ronda Restaurant,30,4.4,"['Peruvian', 'Seafood']",/biz/la-ronda-restaurant-san-mateo,(33 reviews)
San Mateo,Angelicas,108,3.9,"['Breakfast & Brunch', 'Latin American', 'Cocktail Bars']",/biz/angelicas-redwood-city-3,(1.1k reviews)
San Mateo,Sweet Basil Thai Cuisine,154,3.8,"['Thai', 'Seafood', 'Soup']",/biz/sweet-basil-thai-cuisine-foster-city,(1.8k reviews)
San Mateo,Trapeze,202,3.9,"['Italian', 'American (New)']",/biz/trapeze-burlingame-3,(561 reviews)
San Rafael,RH Rooftop Restaurant Marin,23,3.9,['American (Traditional)'],/biz/rh-rooftop-restaurant-marin-corte-madera-3,(654 reviews)
San Rafael,Chonmage Japanese Restaurant,62,4.1,"['Ramen', 'Japanese Curry']",/biz/chonmage-japanese-restaurant-san-rafael-2,(200 reviews)
San Rafael,Crown and Crumpet Cafe,98,4.4,"['Tea Rooms', 'Breakfast & Brunch']",/biz/crown-and-crumpet-cafe-ross,(102 reviews)
San Rafael,Forks and Fingers,149,4.4,"['Caterers', 'Cafes']",/biz/forks-and-fingers-novato,(125 reviews)
San Rafael,Hulu Wa Cuisine,150,4.1,['Chinese'],/biz/hulu-wa-cuisine-san-rafael,(108 reviews)
Santa Barbara,Live Oak Cafe,25,4.3,"['Breakfast & Brunch', 'Cafes', 'American (Traditional)']",/biz/live-oak-cafe-santa-barbara,(312 reviews)
Santa Barbara,Kimchi Korean BBQ,71,4.0,"['Korean', 'Barbeque']",/biz/kimchi-korean-bbq-santa-barbara,(369 reviews)
Santa Barbara,Lovejoy’s Pickle Room,124,4.2,"['Chinese', 'Lounges']",/biz/lovejoys-pickle-room-santa-barbara,(100 reviews)
Santa Barbara,Los Agaves,157,4.2,"['American (New)', 'Tacos']",/biz/los-agaves-santa-barbara-2,(923 reviews)
Santa Barbara,Presto Pasta,192,3.9,['Italian'],/biz/presto-pasta-santa-barbara-2,(267 reviews)
Santa Clara,Taiwanese Bistro,36,4.0,['Taiwanese'],/biz/taiwanese-bistro-cupertino,(96 reviews)
Santa Clara,Jang Su Jang,89,3.9,"['Korean', 'Barbeque']",/biz/jang-su-jang-santa-clara,(2.2k reviews)
Santa Clara,Bill’s Cafe,124,3.9,"['Breakfast & Brunch', 'American (Traditional)']",/biz/bills-cafe-san-jose-22,(449 reviews)
Santa Clara,Crepes Bistro,162,4.3,"['Creperies', 'Gluten-Free', 'Vegan']",/biz/crepes-bistro-santa-clara-2,(997 reviews)
Santa Clara,Genji,171,2.6,"['Sushi Bars', 'Ramen']",/biz/genji-santa-clara,(16 reviews)
Santa Cruz,Shadowbrook,28,4.2,"['American (Traditional)', 'Venues & Event Spaces', 'Wine Bars']",/biz/shadowbrook-capitola-6,(4.2k reviews)
Santa Cruz,Vino by the Sea,54,4.1,"['Wine Bars', 'Tapas/Small Plates', 'Venues & Event Spaces']",/biz/vino-by-the-sea-santa-cruz,(234 reviews)
Santa Cruz,Jack’s Hamburgers,95,4.0,['Burgers'],/biz/jacks-hamburgers-santa-cruz,(500 reviews)
Santa Cruz,Los Primos,141,4.2,['Mexican'],/biz/los-primos-santa-cruz,(129 reviews)
Santa Cruz,Dharma’s Restaurant,196,3.8,"['Vegetarian', 'Vegan', 'Gluten-Free']",/biz/dharmas-restaurant-capitola,(798 reviews)
Santa Monica,Xuntos,16,4.6,"['Tapas Bars', 'Wine Bars', 'Tapas/Small Plates']",/biz/xuntos-santa-monica-3,(26 reviews)
Santa Monica,Mom & Bop,79,4.4,"['Korean', 'Salad', 'Noodles']",/biz/mom-and-bop-santa-monica,(214 reviews)
Santa Monica,Dogtown Coffee,126,3.8,"['Coffee & Tea', 'Juice Bars & Smoothies', 'Breakfast & Brunch']",/biz/dogtown-coffee-santa-monica,(1.1k reviews)
Santa Monica,Telefèric Barcelona Los Angeles,161,4.1,"['Cocktail Bars', 'Spanish']",/biz/telef%C3%A8ric-barcelona-los-angeles-los-angeles,(172 reviews)
Santa Monica,Bread Head,189,4.8,"['Sandwiches', 'Pop-up Shops']",/biz/bread-head-santa-monica,(10 reviews)
Santa Rosa,The Spinster Sisters,22,4.1,"['American (New)', 'Wine Bars', 'Seafood']",/biz/the-spinster-sisters-santa-rosa,(1.2k reviews)
Santa Rosa,Hank’s Creekside Restaurant,72,4.1,"['American (Traditional)', 'Breakfast & Brunch']",/biz/hanks-creekside-restaurant-santa-rosa-3,(532 reviews)
Santa Rosa,Picobar,124,4.3,"['Tacos', 'Cocktail Bars', 'New Mexican Cuisine']",/biz/picobar-calistoga,(39 reviews)
Santa Rosa,The Fig Cafe,163,4.1,"['Cafes', 'French', 'Wine Bars']",/biz/the-fig-cafe-glen-ellen-3,(471 reviews)
Santa Rosa,Sonoma Burger,183,3.8,"['Burgers', 'Hot Dogs', 'Wine Bars']",/biz/sonoma-burger-sebastopol,(125 reviews)
Sausalito,Bump Bar,8,5.0,"['Wine Bars', 'Seafood']",/biz/bump-bar-sausalito-2,(23 reviews)
Sausalito,Sweet Ginger,71,3.2,"['Japanese', 'Sushi Bars']",/biz/sweet-ginger-sausalito,(165 reviews)
Sonoma,Basque Boulangerie Cafe,45,3.4,"['Bakeries', 'Desserts', 'Cafes']",/biz/basque-boulangerie-cafe-sonoma,(715 reviews)
Sonoma,Sonoma Market,50,3.9,"['Grocery', 'Fruits & Veggies', 'Sandwiches']",/biz/sonoma-market-sonoma,(334 reviews)
Sonoma,Rancho Market & Deli,88,3.9,"['Mexican', 'Delis']",/biz/rancho-market-and-deli-glen-ellen,(44 reviews)
South Lake Tahoe,Lotus Pho,62,3.8,"['Seafood', 'Soup', 'Vietnamese']",/biz/lotus-pho-south-lake-tahoe-4,(110 reviews)
South Lake Tahoe,Red Hut Cafe,113,3.7,"['Cafes', 'Waffles', 'Breakfast & Brunch']",/biz/red-hut-cafe-south-lake-tahoe-3,(1k reviews)
South Lake Tahoe,Gunbarrel Tavern & Eatery,117,3.3,"['American (New)', 'Bars', 'Salad']",/biz/gunbarrel-tavern-and-eatery-south-lake-tahoe,(630 reviews)
South Lake Tahoe,Fat Belly Deli,194,,['Pizza'],/biz/fat-belly-deli-south-lake-tahoe,
South Lake Tahoe,Village Bar & Grill,198,2.7,"['Burgers', 'American (Traditional)', 'Cocktail Bars']",/biz/village-bar-and-grill-south-lake-tahoe-2,(26 reviews)
Stockton,Islander’s,6,4.5,"['Cocktail Bars', 'Hawaiian', 'Chicken Wings']",/biz/islander-s-stockton,(8 reviews)
Stockton,Rice Dreams,60,4.6,"['Food Trucks', 'Asian Fusion', 'Sushi Bars']",/biz/rice-dreams-stockton,(25 reviews)
Stockton,Duck Nook,161,3.5,"['Burgers', 'American (Traditional)', 'Breakfast & Brunch']",/biz/duck-nook-stockton,(242 reviews)
Stockton,Best Sandwiches & Smoothies,166,3.9,"['Sandwiches', 'Juice Bars & Smoothies']",/biz/best-sandwiches-and-smoothies-stockton,(263 reviews)
Studio City,Dongpo Kitchen,43,3.2,"['Noodles', 'Soup', 'Szechuan']",/biz/dongpo-kitchen-universal-city,(746 reviews)
Studio City,Minion Cafe,47,3.1,['Food Court'],/biz/minion-cafe-universal-city-2,(42 reviews)
Studio City,Taste of the Caribbean,90,4.3,['Caribbean'],/biz/taste-of-the-caribbean-los-angeles-4,(162 reviews)
Studio City,Lucifers Pizza,126,4.0,"['Chicken Wings', 'Pizza', 'Gluten-Free']",/biz/lucifers-pizza-studio-city,(153 reviews)
Studio City,Cascabel,173,4.2,"['Cocktail Bars', 'Tacos', 'Desserts']",/biz/cascabel-los-angeles,(1.1k reviews)
Sunnyvale,Dave’s Hot Chicken,33,3.9,"['Chicken Shop', 'Halal']",/biz/daves-hot-chicken-sunnyvale-2,(223 reviews)
Sunnyvale,ACHILLES,83,4.7,"['Mediterranean', 'Halal', 'Greek']",/biz/achilles-santa-clara,(2.1k reviews)
Sunnyvale,SV Cocina and Pupuseria,90,4.5,['Salvadoran'],/biz/sv-cocina-and-pupuseria-sunnyvale,(33 reviews)
Sunnyvale,Yu Noodle,161,4.1,"['Noodles', 'Chinese']",/biz/yu-noodle-cupertino-3,(106 reviews)
Sunnyvale,Famous Food Restaurant,170,3.7,['Chinese'],/biz/famous-food-restaurant-sunnyvale-3,(184 reviews)
Sunnyvale,Restaurant Gish,195,4.5,"['American (New)', 'Korean']",/biz/restaurant-gish-santa-clara-3,(233 reviews)
Torrance,Cheebo,46,4.3,"['Breakfast & Brunch', 'Sandwiches', 'American (Traditional)']",/biz/cheebo-rolling-hills-estates,(36 reviews)
Torrance,Honu Poke and Grill,102,4.7,"['Wraps', 'Poke', 'Hawaiian']",/biz/honu-poke-and-grill-lomita,(107 reviews)
Torrance,Ali’i Fish Company,108,4.3,"['Hawaiian', 'Seafood', 'Poke']",/biz/alii-fish-company-torrance,(108 reviews)
Torrance,L&B Coastal,192,4.0,"['Seafood', 'Tacos', 'Chicken Wings']",/biz/l-and-b-coastal-hermosa-beach,(48 reviews)
Torrance,HopSaint Brewing,199,4.2,"['American (New)', 'Gastropubs', 'Breweries']",/biz/hopsaint-brewing-torrance,(930 reviews)
Union City,House of Dumplings,53,3.8,['Chinese'],/biz/house-of-dumplings-union-city-2,(1.1k reviews)
Union City,四姐 Special Noodle,60,4.6,"['Chinese', 'Noodles']",/biz/%E5%9B%9B%E5%A7%90-special-noodle-fremont,(82 reviews)
Union City,My No. 1 BBQ And Tofu,125,4.2,"['Korean', 'Barbeque']",/biz/my-no-1-bbq-and-tofu-newark-6,(267 reviews)
Union City,A Sack of Potatoes,135,4.0,"['Asian Fusion', 'Cafes', 'Coffee & Tea']",/biz/a-sack-of-potatoes-fremont-2,(596 reviews)
Union City,Sushirrito,206,3.7,"['Sushi Bars', 'Asian Fusion', 'Japanese']",/biz/sushirrito-palo-alto-13,(1.1k reviews)
Venice,Superba Food + Bread,37,3.9,"['American (New)', 'Breakfast & Brunch', 'Bakeries']",/biz/superba-food-bread-los-angeles,(1.1k reviews)
Venice,Best Bet Pizzeria,88,4.1,['Pizza'],/biz/best-bet-pizzeria-los-angeles,(43 reviews)
Venice,Kalaveras,133,3.7,"['Breakfast & Brunch', 'Mexican', 'Cocktail Bars']",/biz/kalaveras-marina-del-rey,(336 reviews)
Venice,Isla,138,4.2,"['Barbeque', 'Seafood', 'Cocktail Bars']",/biz/isla-santa-monica,(38 reviews)
Venice,Baja Cantina,206,3.4,"['Mexican', 'Cocktail Bars']",/biz/baja-cantina-marina-del-rey,(1k reviews)
Walnut Creek,Rooftop,19,3.6,['American (New)'],/biz/rooftop-walnut-creek,(1.7k reviews)
Walnut Creek,China Palace,87,4.5,['Chinese'],/biz/china-palace-walnut-creek,(1.4k reviews)
Walnut Creek,Locanda Positano,98,4.2,"['Italian', 'Pizza', 'Pasta Shops']",/biz/locanda-positano-lafayette,(427 reviews)
Walnut Creek,Bay Kosher,194,4.8,"['Grocery', 'Meat Shops', 'Kosher']",/biz/bay-kosher-lafayette,(16 reviews)
Walnut Creek,EJ Phair Alehouse & Pub: Alamo,197,3.9,"['Pubs', 'American (Traditional)']",/biz/ej-phair-alehouse-and-pub-alamo-alamo,(123 reviews)
West Hollywood,Jon & Vinny’s Fairfax,16,3.8,"['Italian', 'Breakfast & Brunch', 'Pizza']",/biz/jon-and-vinnys-fairfax-los-angeles-4,(2.4k reviews)
West Hollywood,Merois,79,4.1,"['French', 'Japanese', 'Asian Fusion']",/biz/merois-west-hollywood,(236 reviews)
West Hollywood,Okja Dabang,132,5.0,"['Cafes', 'Coffee & Tea', 'Juice Bars & Smoothies']",/biz/okja-dabang-los-angeles-5,(2 reviews)
West Hollywood,Moderno Cocina,202,4.7,"['Mexican', 'Breakfast & Brunch']",/biz/moderno-cocina-west-hollywood,(39 reviews)
West Hollywood,Harriet’s Rooftop,208,3.0,"['Cocktail Bars', 'American (Traditional)']",/biz/harriets-rooftop-west-hollywood,(357 reviews)
West Los Angeles,Ramen Nagi,73,4.4,['Ramen'],/biz/ramen-nagi-los-angeles,(503 reviews)
West Los Angeles,California Fresh,78,4.1,"['Pizza', 'Mediterranean', 'Salad']",/biz/california-fresh-los-angeles,(378 reviews)
West Los Angeles,Marty’s Hamburger Stand,108,4.3,"['Burgers', 'Hot Dogs']",/biz/martys-hamburger-stand-los-angeles,(363 reviews)
West Los Angeles,Millcross Coffee Bar & Kitchen,150,4.5,"['Breakfast & Brunch', 'Coffee & Tea', 'Sandwiches']",/biz/millcross-coffee-bar-and-kitchen-culver-city,(513 reviews)
West Los Angeles,Mee and Greet,190,4.0,"['Vietnamese', 'Pan Asian', 'Burgers']",/biz/mee-and-greet-los-angeles,(415 reviews)
Boulder,Silk Road Grill and Market,29,4.8,"['Afghan', 'Mediterranean', 'Kebab']",/biz/silk-road-grill-and-market-boulder,(5 reviews)
Boulder,Foolish Craig’s Cafe,56,3.9,"['Creperies', 'Breakfast & Brunch', 'Sandwiches']",/biz/foolish-craigs-cafe-boulder-2,(755 reviews)
Boulder,McDevitt Taco Supply,134,4.4,['Tacos'],/biz/mcdevitt-taco-supply-boulder,(208 reviews)
Boulder,Zodiac Subs,201,4.6,"['Sandwiches', 'Salad']",/biz/zodiac-subs-boulder,(36 reviews)
Denver,Work & Class,1,4.5,"['American (New)', 'Latin American', 'Cocktail Bars']",/biz/work-and-class-denver,(1.8k reviews)
Denver,Hey Kiddo,62,4.3,"['American (New)', 'Cocktail Bars']",/biz/hey-kiddo-denver-2,(45 reviews)
Denver,Lucky Noodles,68,4.6,"['Thai', 'Noodles', 'Coffee & Tea']",/biz/lucky-noodles-denver,(224 reviews)
Denver,Ritual Social House,133,4.1,['Pizza'],/biz/ritual-social-house-denver,(147 reviews)
Denver,Gaia Masala & Burger,192,4.6,"['Indian', 'Burgers', 'Sandwiches']",/biz/gaia-masala-and-burger-denver,(56 reviews)
Denver,Liang’s Thai Food,199,4.6,"['Thai', 'Food Trucks']",/biz/liangs-thai-food-denver,(432 reviews)
Hartford,Fire by Forge,6,4.5,"['American (New)', 'Latin American']",/biz/fire-by-forge-hartford,(20 reviews)
Hartford,Mercado 27,122,4.3,['Peruvian'],/biz/mercado-27-hartford-2,(14 reviews)
Hartford,Arch Street Tavern,127,3.1,"['American (Traditional)', 'Bars']",/biz/arch-street-tavern-hartford,(172 reviews)
Hartford,Bonchon,194,4.1,"['Korean', 'Asian Fusion', 'Chicken Wings']",/biz/bonchon-west-hartford-3,(140 reviews)
New Haven,New Haven Taste of China,23,4.1,['Szechuan'],/biz/new-haven-taste-of-china-new-haven,(231 reviews)
New Haven,Sandra’s Next Generation,27,4.7,"['Soul Food', 'Southern', 'Chicken Wings']",/biz/sandras-next-generation-new-haven,(608 reviews)
New Haven,Heirloom,112,3.4,"['American (New)', 'Lounges']",/biz/heirloom-new-haven-2,(305 reviews)
New Haven,Union League Cafe,120,4.0,"['French', 'Venues & Event Spaces', 'Wine Bars']",/biz/union-league-cafe-new-haven,(374 reviews)
New Haven,Sandbar Seafood,150,4.0,"['Seafood', 'Sandwiches']",/biz/sandbar-seafood-west-haven,(119 reviews)
New Haven,Miso Japanese Restaurant,187,3.9,"['Japanese', 'Asian Fusion', 'Sushi Bars']",/biz/miso-japanese-restaurant-new-haven,(199 reviews)
"Washington, DC",Service Bar,82,4.4,"['Cocktail Bars', 'American (Traditional)']",/biz/service-bar-washington,(270 reviews)
"Washington, DC",Albi,87,4.6,['Lebanese'],/biz/albi-washington,(293 reviews)
"Washington, DC",Right Proper Brewing Company,161,4.0,"['American (Traditional)', 'Cheese Shops', 'Brewpubs']",/biz/right-proper-brewing-company-washington-2,(755 reviews)
"Washington, DC",Arepa Zone,165,4.2,['Venezuelan'],/biz/arepa-zone-washington-5,(336 reviews)
"Washington, DC",Colada Shop,205,4.0,['Cuban'],/biz/colada-shop-washington,(557 reviews)
Fort Lauderdale,S3,19,4.1,"['Sushi Bars', 'American (New)', 'Breakfast & Brunch']",/biz/s3-sun-surf-sand-fort-lauderdale,(1.9k reviews)
Fort Lauderdale,El Camino,57,4.1,"['Mexican', 'Cocktail Bars']",/biz/el-camino-fort-lauderdale,(1.4k reviews)
Fort Lauderdale,Union Kitchen & Bar,141,4.3,"['Cocktail Bars', 'American (New)', 'Wine Bars']",/biz/union-kitchen-and-bar-wilton-manors,(166 reviews)
Fort Lauderdale,La Vie Lebanese Restaurant,148,4.5,"['Lebanese', 'Mediterranean', 'Cocktail Bars']",/biz/la-vie-lebanese-restaurant-pompano-beach,(1.3k reviews)
Gainesville,Ten Seconds Yunnan Rice Noodles,13,4.9,"['Noodles', 'Chinese', 'Soup']",/biz/ten-seconds-yunnan-rice-noodles-gainesville,(30 reviews)
Gainesville,Cintrón,17,4.2,"['Caribbean', 'Latin American', 'Desserts']",/biz/cintr%C3%B3n-gainesville,(112 reviews)
Gainesville,Caribbean Spice,94,4.2,['Caribbean'],/biz/caribbean-spice-gainesville,(107 reviews)
Gainesville,Bestea & The Loop Cake,151,4.0,"['Bubble Tea', 'Ramen', 'Desserts']",/biz/bestea-and-the-loop-cake-gainesville,(89 reviews)
Gainesville,Pomodoro Cafe,172,3.8,"['Italian', 'Pizza', 'Seafood']",/biz/pomodoro-cafe-gainesville,(267 reviews)
Miami,Crackers Southern Dining,5,4.2,"['Southern', 'Breakfast & Brunch', 'American (Traditional)']",/biz/crackers-southern-dining-miami-springs-3,(921 reviews)
Miami,Naked Farmer,7,4.6,['American (New)'],/biz/naked-farmer-miami-2,(39 reviews)
Miami,Fogo de Chão Brazilian Steakhouse,79,4.4,"['Steakhouses', 'Brazilian']",/biz/fogo-de-chao-coral-gables,(150 reviews)
Miami,Kush,134,4.2,"['Burgers', 'American (New)', 'Beer Bar']",/biz/kush-miami-2,(2.9k reviews)
Miami,Basilico Ristorante,192,4.4,['Italian'],/biz/basilico-ristorante-virginia-gardens,(208 reviews)
Miami,The Gibson Room,200,3.7,['American (New)'],/biz/the-gibson-room-miami-2,(61 reviews)
Miami Beach,Amalia Restaurant,75,4.4,['Mediterranean'],/biz/amalia-restaurant-miami-beach,(24 reviews)
Miami Beach,Layla - Temp. CLOSED,79,4.1,"['Mediterranean', 'Cocktail Bars']",/biz/layla-miami-beach,(115 reviews)
Miami Beach,The Tavern,152,3.2,"['Bars', 'Breakfast & Brunch', 'American (Traditional)']",/biz/the-tavern-miami-beach,(1.1k reviews)
Miami Beach,The Lobster Shack,159,4.2,['Seafood'],/biz/the-lobster-shack-miami-beach-3,(161 reviews)
Orlando,SoDough Square - Orlando,16,4.7,"['Pizza', 'Salad']",/biz/sodough-square-orlando-orlando,(185 reviews)
Orlando,The Mongolorian BBQ,20,4.2,"['Barbeque', 'Asian Fusion', 'Mongolian']",/biz/the-mongolorian-bbq-orlando,(73 reviews)
Orlando,4 Rivers Smokehouse,116,3.3,"['Barbeque', 'Smokehouse']",/biz/4-rivers-smokehouse-orlando-orlando,(18 reviews)
Orlando,Bulgogi House,162,4.3,"['Korean', 'Barbeque']",/biz/bulgogi-house-orlando,(253 reviews)
Orlando,Eddie V’s Prime Seafood,168,4.5,"['Seafood', 'Steakhouses', 'Lounges']",/biz/eddie-vs-prime-seafood-orlando-2,(1.1k reviews)
Tampa,10&10 Enoteca,21,4.8,"['Wine Bars', 'Specialty Food', 'Tapas/Small Plates']",/biz/10-and-10-enoteca-tampa-5,(92 reviews)
Tampa,Whiskey Joe’s Bar & Grill - Tampa,71,2.9,"['Bars', 'Venues & Event Spaces', 'American (Traditional)']",/biz/whiskey-joes-bar-and-grill-tampa-tampa,(1.7k reviews)
Tampa,Florish,113,4.9,"['Pizza', 'Vegan', 'Vegetarian']",/biz/florish-tampa-bay-2,(94 reviews)
Tampa,The Blind Goat Food and Drink,133,4.2,"['Pizza', 'Sports Bars', 'Chicken Wings']",/biz/the-blind-goat-food-and-drink-tampa,(258 reviews)
Tampa,Copper Shaker,137,4.6,"['Cocktail Bars', 'Tapas Bars']",/biz/copper-shaker-tampa,(69 reviews)
Tampa,Los Chapos Tacos,207,4.3,['Tacos'],/biz/los-chapos-tacos-tampa,(259 reviews)
Atlanta,Bun Factory,51,4.4,"['Dim Sum', 'Malaysian']",/biz/bun-factory-doraville,(90 reviews)
Atlanta,El Burro Pollo,58,4.3,"['Food Stands', 'Latin American', 'Mexican']",/biz/el-burro-pollo-atlanta,(49 reviews)
Atlanta,Dad’s,166,4.6,"['Cocktail Bars', 'Comfort Food', 'Sandwiches']",/biz/dads-atlanta,(5 reviews)
Atlanta,The Southern Gentleman,172,3.8,"['Gastropubs', 'Southern', 'American (New)']",/biz/the-southern-gentleman-atlanta,(947 reviews)
Atlanta,Pasta Da Pulcinella,177,4.1,"['Italian', 'Wine Bars', 'Pasta Shops']",/biz/pasta-da-pulcinella-atlanta,(861 reviews)
Savannah,Little Duck Diner,54,4.2,"['Breakfast & Brunch', 'Diners', 'American (New)']",/biz/little-duck-diner-savannah-3,(1k reviews)
Savannah,Boars Head Grill and Tavern,60,4.3,"['Seafood', 'American (Traditional)', 'Bars']",/biz/boars-head-grill-and-tavern-savannah-3,(612 reviews)
Savannah,Persepolis Lounge and Grill,142,4.2,"['Persian/Iranian', 'Greek', 'Hookah Bars']",/biz/persepolis-lounge-and-grill-savannah,(397 reviews)
Savannah,WillYum’s,174,4.3,"['Seafood', 'Burgers', 'Sandwiches']",/biz/willyums-savannah,(8 reviews)
Savannah,Tricks Barbecue,178,4.6,['Barbeque'],/biz/tricks-barbecue-savannah,(68 reviews)
Honolulu,Monkeypod Kitchen,20,4.2,"['Tacos', 'Pizza', 'Cocktail Bars']",/biz/monkeypod-kitchen-honolulu-3,(103 reviews)
Honolulu,Sweet E’s Cafe,103,4.6,"['Cafes', 'Breakfast & Brunch']",/biz/sweet-es-cafe-honolulu-4,(2.7k reviews)
Honolulu,Restaurant 604,108,4.2,"['Breakfast & Brunch', 'American (New)', 'Hawaiian']",/biz/restaurant-604-honolulu-3,(3.3k reviews)
Honolulu,Pau Hana Place,168,4.7,"['Breakfast & Brunch', 'Hot Dogs', 'Food Trucks']",/biz/pau-hana-place-honolulu-2,(40 reviews)
Lahaina,The Banyan Tree,46,3.9,['Hawaiian'],/biz/the-banyan-tree-kapalua-2,(398 reviews)
Lahaina,Pacific’o on the Beach - Temp. CLOSED,49,3.9,"['Seafood', 'Hawaiian', 'Cocktail Bars']",/biz/pacifico-on-the-beach-lahaina,(927 reviews)
Lahaina,Da Nani Pirates - Kaanapali,60,3.9,"['Food Trucks', 'Mexican', 'Poke']",/biz/da-nani-pirates-kaanapali-kaanapali,(99 reviews)
Lahaina,Teppan-Yaki Dan - Temp. CLOSED,129,3.4,['Teppanyaki'],/biz/teppan-yaki-dan-lahaina-2,(89 reviews)
Lahaina,Maui Coffee Attic,194,4.7,"['Coffee & Tea', 'Bakeries', 'Breakfast & Brunch']",/biz/maui-coffee-attic-wailuku,(282 reviews)
Iowa City,BlackStone,14,3.8,['American (Traditional)'],/biz/blackstone-iowa-city,(231 reviews)
Iowa City,Soseki Café,19,4.3,"['Sushi Bars', 'Japanese', 'Coffee & Tea']",/biz/soseki-caf%C3%A9-iowa-city,(84 reviews)
Iowa City,Stella,60,3.7,['American (New)'],/biz/stella-iowa-city,(165 reviews)
Iowa City,Four Square Meals,118,4.0,"['Vegetarian', 'Food Stands', 'Breakfast & Brunch']",/biz/four-square-meals-iowa-city,(1 review)
Iowa City,India Cafe,137,3.7,['Indian'],/biz/india-cafe-iowa-city,(61 reviews)
Boise,The Basque Market,26,4.6,"['Specialty Food', 'Tapas Bars', 'Basque']",/biz/the-basque-market-boise,(204 reviews)
Boise,Sandbar Patio Bar & Grill,76,3.1,['American (Traditional)'],/biz/sandbar-patio-bar-and-grill-boise,(144 reviews)
Boise,Boise Thai Noodle House,104,4.6,"['Thai', 'Salad', 'Noodles']",/biz/boise-thai-noodle-house-boise,(88 reviews)
Boise,Trailside Bakery Cafe,107,4.3,"['Cafes', 'Coffee & Tea', 'Breakfast & Brunch']",/biz/trailside-bakery-cafe-boise,(24 reviews)
Boise,Lemon Tree,169,4.6,"['Sandwiches', 'Burgers', 'Tacos']",/biz/lemon-tree-boise-8,(29 reviews)
Chicago,Penumbra,6,4.8,"['Wine Bars', 'Seafood', 'Steakhouses']",/biz/penumbra-chicago,(828 reviews)
Chicago,The Whale Chicago,10,4.2,['American (New)'],/biz/the-whale-chicago-chicago,(899 reviews)
Chicago,90 Miles Cuban Café,111,4.0,"['Cuban', 'Sandwiches', 'Cafes']",/biz/90-miles-cuban-caf%C3%A9-chicago-5,(2.4k reviews)
Chicago,Three Wheels Noodle,131,4.6,"['Thai', 'Asian Fusion']",/biz/three-wheels-noodle-chicago,(163 reviews)
Chicago,Ada Street,194,4.3,"['Bars', 'American (Traditional)']",/biz/ada-street-chicago,(563 reviews)
Chicago,Uncle Mike’s Place,198,4.3,"['Breakfast & Brunch', 'American (Traditional)', 'Filipino']",/biz/uncle-mikes-place-chicago,(833 reviews)
Evanston,Comida,30,3.8,"['Mexican', 'Latin American', 'Cocktail Bars']",/biz/comida-evanston,(89 reviews)
Evanston,Salud Kitchen,80,4.3,['Tacos'],/biz/salud-kitchen-evanston,(86 reviews)
Evanston,Sarra Grill,128,4.8,['Mediterranean'],/biz/sarra-grill-skokie,(52 reviews)
Evanston,Pinto Thai Kitchen,171,3.9,['Thai'],/biz/pinto-thai-kitchen-evanston,(131 reviews)
Evanston,Epic Burger,179,3.7,['Burgers'],/biz/epic-burger-evanston-2,(143 reviews)
Naperville,Jumbo Crab,73,4.1,"['Seafood', 'Bars', 'Noodles']",/biz/jumbo-crab-bolingbrook,(101 reviews)
Naperville,Pier 19 Restaurant,77,4.0,"['Breakfast & Brunch', 'Steakhouses', 'Pubs']",/biz/pier-19-restaurant-winfield-2,(1 review)
Naperville,JoJo’s Shake Bar - Naperville,131,3.1,"['Bars', 'Salad', 'Sandwiches']",/biz/jojos-shake-bar-naperville-naperville-2,(167 reviews)
Naperville,Montri Thai,194,4.2,"['Thai', 'Asian Fusion', 'Seafood']",/biz/montri-thai-warrenville,(289 reviews)
Schaumburg,Seasons 52,22,4.1,"['American (New)', 'Wine Bars', 'Seafood']",/biz/seasons-52-schaumburg-3,(1.2k reviews)
Schaumburg,QP Greek Food with a KicK,51,4.4,['Greek'],/biz/qp-greek-food-with-a-kick-hoffman-estates-4,(236 reviews)
Schaumburg,Duke’s Blues N Bbq,124,4.7,['Barbeque'],/biz/duke-s-blues-n-bbq-east-dundee,(83 reviews)
Schaumburg,Issas venezuelan Food,130,4.3,['Venezuelan'],/biz/issas-venezuelan-food-hanover-park,(3 reviews)
Schaumburg,Pf Burger,182,,['Burgers'],/biz/pf-burger-schaumburg,
Skokie,FRY,32,4.5,"['Chicken Shop', 'Fast Food', 'Sandwiches']",/biz/fry-niles,(8 reviews)
Skokie,Mughal The Biryani House,52,4.9,"['Indian', 'Halal']",/biz/mughal-the-biryani-house-park-ridge-8,(17 reviews)
Skokie,Shinsen Evanston,58,4.7,"['Sushi Bars', 'Thai', 'Japanese']",/biz/shinsen-evanston-evanston,(202 reviews)
Skokie,Koya in Wilmette,110,4.7,"['Japanese', 'Asian Fusion']",/biz/koya-in-wilmette-wilmette-3,(23 reviews)
Skokie,Salud Kitchen,149,4.3,['Tacos'],/biz/salud-kitchen-evanston,(86 reviews)
Skokie,Village Roadhouse,209,3.6,"['Pizza', 'Burgers', 'Sports Bars']",/biz/village-roadhouse-skokie,(82 reviews)
Bloomington,Big Woods-Bloomington,9,3.8,"['Breweries', 'American (Traditional)']",/biz/big-woods-bloomington-bloomington,(292 reviews)
Bloomington,My Thai Cafe & Sushi Bar - West Side,114,4.2,['Thai'],/biz/my-thai-cafe-and-sushi-bar-west-side-bloomington,(163 reviews)
Bloomington,Asuka,119,2.8,"['Japanese', 'Chinese']",/biz/asuka-bloomington,(92 reviews)
Bloomington,IHOP,167,3.2,"['Breakfast & Brunch', 'Burgers', 'American (Traditional)']",/biz/ihop-bloomington-4,(41 reviews)
Indianapolis,Vicino,4,3.9,['Italian'],/biz/vicino-indianapolis,(58 reviews)
Indianapolis,Oishi Sushi & Ramen,86,4.1,"['Sushi Bars', 'Ramen']",/biz/oishi-sushi-and-ramen-indianapolis,(72 reviews)
Indianapolis,The Saint Shack,96,3.9,"['Cocktail Bars', 'Sports Bars', 'Hot Dogs']",/biz/the-saint-shack-indianapolis,(47 reviews)
Indianapolis,Iaria’s Italian Restaurant,154,4.2,"['Italian', 'Pizza', 'Bars']",/biz/iarias-italian-restaurant-indianapolis,(516 reviews)
Indianapolis,Petra Cafe | Downtown,172,4.2,['Greek'],/biz/petra-cafe-downtown-indianapolis,(243 reviews)
Louisville,Highlands Bar & Grill,25,5.0,"['Salad', 'Sports Bars', 'Chicken Wings']",/biz/highlands-bar-and-grill-louisville,
Louisville,Jaggers,83,3.9,"['Salad', 'Chicken Shop', 'Burgers']",/biz/jaggers-louisville,(146 reviews)
Louisville,The Post,88,4.2,"['Pizza', 'Salad', 'Bars']",/biz/the-post-louisville,(621 reviews)
Louisville,21st In Germantown,109,4.0,"['American (Traditional)', 'Cocktail Bars', 'Burgers']",/biz/21st-in-germantown-louisville,(88 reviews)
Louisville,Mussel and Burger Bar,138,4.4,"['Burgers', 'American (New)', 'Seafood']",/biz/mussel-and-burger-bar-louisville,(1.2k reviews)
New Orleans,Saint John,44,4.4,['Cajun/Creole'],/biz/saint-john-new-orleans,(193 reviews)
New Orleans,The Commissary,72,4.4,['American (Traditional)'],/biz/the-commissary-new-orleans,(28 reviews)
New Orleans,Compère Lapin,112,4.3,"['Caribbean', 'French', 'American (New)']",/biz/comp%C3%A8re-lapin-new-orleans-4,(896 reviews)
New Orleans,Namaste Nola,120,4.5,['Indian'],/biz/namaste-nola-new-orleans,(75 reviews)
New Orleans,Yawdi Food,148,4.4,['Caribbean'],/biz/yawdi-food-new-orleans-2,(59 reviews)
Allston,The Abbey,23,4.2,['American (New)'],/biz/the-abbey-brookline,(528 reviews)
Allston,Underdog Hot Chicken,29,4.5,"['Chicken Wings', 'Chicken Shop']",/biz/underdog-hot-chicken-boston-4,(216 reviews)
Allston,Oleana Restaurant,125,4.3,['Mediterranean'],/biz/oleana-restaurant-cambridge,(1.8k reviews)
Allston,The Kenmore,165,4.5,"['Bars', 'Burgers', 'Hot Dogs']",/biz/the-kenmore-boston,(58 reviews)
Allston,Earls Kitchen + Bar,168,3.9,"['American (New)', 'Cocktail Bars']",/biz/earls-kitchen-bar-boston-2,(1.4k reviews)
Allston,The Smoke Shop- Harvard Square,210,3.9,"['Barbeque', 'Southern']",/biz/the-smoke-shop-harvard-square-cambridge,(60 reviews)
Boston,Milkweed,9,4.2,"['American (New)', 'Breakfast & Brunch', 'Cocktail Bars']",/biz/milkweed-boston,(1k reviews)
Boston,Basile - Fine Italian Kitchen,124,4.1,['Italian'],/biz/basile-fine-italian-kitchen-boston,(542 reviews)
Boston,Crazy Good Kitchen - Newbury,143,3.9,"['Bars', 'American (Traditional)', 'Acai Bowls']",/biz/crazy-good-kitchen-newbury-boston,(176 reviews)
Boston,Figs by Todd English,176,3.7,"['Pizza', 'Italian']",/biz/figs-by-todd-english-boston-2,(892 reviews)
Brighton,Hao Shi Guang,24,4.5,"['Chinese', 'Seafood']",/biz/hao-shi-guang-boston,(20 reviews)
Brighton,The Publick House,30,3.9,"['Pubs', 'American (Traditional)', 'Belgian']",/biz/the-publick-house-brookline,(1.3k reviews)
Brighton,Garlic ‘n Lemons,112,4.1,"['Middle Eastern', 'Mediterranean', 'Halal']",/biz/garlic-n-lemons-allston,(646 reviews)
Brighton,Grainne O’Malley’s,131,4.4,"['Irish Pub', 'American (Traditional)', 'Chicken Wings']",/biz/grainne-o-malley-s-brookline,(93 reviews)
Brighton,Davio’s Chestnut Hill,181,3.5,"['Italian', 'Steakhouses', 'Gluten-Free']",/biz/davios-chestnut-hill-chestnut-hill-2,(186 reviews)
Brookline,Mahaniyom,4,4.4,"['Cocktail Bars', 'Thai', 'Tapas/Small Plates']",/biz/mahaniyom-brookline,(247 reviews)
Brookline,Parlour,7,4.2,"['American (New)', 'Cocktail Bars', 'Tapas/Small Plates']",/biz/parlour-brookline,(67 reviews)
Brookline,My Happy Hunan Kitchen 筷乐湘聚,80,4.2,['Chinese'],/biz/my-happy-hunan-kitchen-%E7%AD%B7%E4%B9%90%E6%B9%98%E8%81%9A-brighton,(63 reviews)
Brookline,Isshindo Ramen,141,4.4,['Ramen'],/biz/isshindo-ramen-allston,(206 reviews)
Brookline,Chilacates mexican street food,194,3.4,['Mexican'],/biz/chilacates-mexican-street-food-brookline,(9 reviews)
Cambridge,Josephine,36,3.9,"['Italian', 'Burgers', 'Pizza']",/biz/josephine-somerville,(23 reviews)
Cambridge,Brick & Mortar,55,3.8,"['Lounges', 'Cocktail Bars', 'Gastropubs']",/biz/brick-and-mortar-cambridge-3,(297 reviews)
Cambridge,Birds of Paradise,104,4.1,"['Cocktail Bars', 'Sushi Bars']",/biz/birds-of-paradise-boston,(41 reviews)
Cambridge,Roust Cambridge,133,4.0,"['Bakeries', 'Breakfast & Brunch', 'Coffee & Tea']",/biz/roust-cambridge-cambridge,(4 reviews)
Cambridge,Futago Udon,202,4.4,"['Japanese', 'Noodles', 'Desserts']",/biz/futago-udon-boston,(472 reviews)
Somerville,Judy’s Bay,44,4.4,"['Seafood', 'Japanese', 'Pan Asian']",/biz/judys-bay-cambridge,(97 reviews)
Somerville,Juliet,61,4.2,"['Cafes', 'Breakfast & Brunch', 'French']",/biz/juliet-somerville,(366 reviews)
Somerville,Premiere on Broadway,114,4.1,"['Music Venues', 'Italian', 'Cocktail Bars']",/biz/premiere-on-broadway-somerville,(121 reviews)
Somerville,Shine Square Pub,151,4.7,"['Sports Bars', 'Chicken Wings', 'American (Traditional)']",/biz/shine-square-pub-cambridge,(27 reviews)
Somerville,Ebi Sushi Bar,172,4.0,"['Sushi Bars', 'Japanese']",/biz/ebi-sushi-bar-somerville,(503 reviews)
Somerville,The Lexington,177,3.8,"['American (Traditional)', 'Salad', 'Sandwiches']",/biz/the-lexington-cambridge,(54 reviews)
Baltimore,CookHouse,38,4.7,"['American (New)', 'Cocktail Bars']",/biz/cookhouse-baltimore-2,(46 reviews)
Baltimore,Street Food By Water Song,101,4.3,"['Noodles', 'Chinese']",/biz/street-food-by-water-song-towson,(3 reviews)
Baltimore,Halo Hawaiian BBQ & Poke Bar,161,4.5,"['Barbeque', 'Hawaiian', 'Poke']",/biz/halo-hawaiian-bbq-and-poke-bar-arbutus,(206 reviews)
Baltimore,16 On The Park,194,3.3,"['Seafood', 'American (New)']",/biz/16-on-the-park-baltimore-4,(94 reviews)
Baltimore,Dodah’s Kitchen,199,4.4,"['Vegan', 'Bakeries', 'Soul Food']",/biz/dodahs-kitchen-baltimore,(54 reviews)
Ann Arbor,Juicy Kitchen,81,4.5,"['Breakfast & Brunch', 'Gluten-Free', 'Coffee & Tea']",/biz/juicy-kitchen-ann-arbor-3,(364 reviews)
Ann Arbor,Evergreen Restaurant,113,3.3,['Chinese'],/biz/evergreen-restaurant-ann-arbor,(318 reviews)
Ann Arbor,K&D Bistro,153,4.5,"['Vietnamese', 'Noodles', 'Vegetarian']",/biz/k-and-d-bistro-ypsilanti-7,(129 reviews)
Ann Arbor,MAIZ Mexican Cantina,206,4.1,['Mexican'],/biz/maiz-mexican-cantina-ypsilanti-7,(826 reviews)
Detroit,Wright & Company,1,4.3,"['Gastropubs', 'American (New)', 'Tapas/Small Plates']",/biz/wright-and-company-detroit-3,(1k reviews)
Detroit,Supergeil,9,4.4,"['Bars', 'Mediterranean', 'Turkish']",/biz/supergeil-detroit,(137 reviews)
Detroit,Joe Louis Southern Kitchen,80,3.7,"['Breakfast & Brunch', 'American (Traditional)', 'American (New)']",/biz/joe-louis-southern-kitchen-detroit,(148 reviews)
Detroit,Barrel House,120,4.7,"['American (New)', 'Cocktail Bars']",/biz/barrel-house-ferndale,(13 reviews)
Detroit,Sweetwater Tavern,158,3.4,"['Bars', 'American (Traditional)', 'Chicken Wings']",/biz/sweetwater-tavern-detroit,(649 reviews)
Minneapolis,Guacaya Bistreaux,46,4.2,"['Cocktail Bars', 'Latin American', 'Tapas/Small Plates']",/biz/guacaya-bistreaux-minneapolis,(69 reviews)
Minneapolis,Farmers Kitchen + Bar,65,3.6,['American (New)'],/biz/farmers-kitchen-bar-minneapolis,(66 reviews)
Minneapolis,Snack Bar,67,4.4,"['Pizza', 'Tapas/Small Plates']",/biz/snack-bar-minneapolis,(102 reviews)
Minneapolis,Wrecktangle Pizza,129,4.4,['Pizza'],/biz/wrecktangle-pizza-minneapolis-2,(50 reviews)
Minneapolis,Iconos Gastro Cantina,169,4.1,"['Mexican', 'Desserts', 'Cocktail Bars']",/biz/iconos-gastro-cantina-minneapolis-2,(69 reviews)
Saint Paul,Baldamar,26,4.5,"['American (New)', 'Steakhouses']",/biz/baldamar-roseville-3,(354 reviews)
Saint Paul,Brasa Rotisserie,84,4.0,"['Southern', 'Caribbean']",/biz/brasa-rotisserie-saint-paul,(453 reviews)
Saint Paul,yum! Kitchen and Bakery,90,4.2,"['Bakeries', 'American (New)']",/biz/yum-kitchen-and-bakery-saint-paul,(58 reviews)
Saint Paul,Francis Burger Joint,98,4.8,"['Burgers', 'Bars', 'Vegan']",/biz/francis-burger-joint-minneapolis-2,(79 reviews)
Saint Paul,Big E - Grand Ave,157,3.7,"['Burgers', 'Sandwiches']",/biz/big-e-grand-ave-st-paul-2,(16 reviews)
Saint Paul,Momo Sushi,208,4.5,"['Japanese', 'Sushi Bars', 'Himalayan/Nepalese']",/biz/momo-sushi-minneapolis-2,(234 reviews)
Kansas City,Kansas City Taco Company,62,4.2,"['Bars', 'Tacos']",/biz/kansas-city-taco-company-kansas-city-2,(417 reviews)
Kansas City,Bijou,94,4.9,"['Cocktail Bars', 'Tapas/Small Plates', 'Desserts']",/biz/bijou-kansas-city,(9 reviews)
Kansas City,Mission Taco Joint - East Crossroads,97,3.8,"['Cocktail Bars', 'Tacos']",/biz/mission-taco-joint-east-crossroads-kansas-city-3,(445 reviews)
Kansas City,Spices Asian Restaurant,204,4.2,['Asian Fusion'],/biz/spices-asian-restaurant-north-kansas-city,(288 reviews)
Saint Louis,Sado,15,4.3,"['Sushi Bars', 'Japanese', 'Wine Bars']",/biz/sado-st-louis,(100 reviews)
Saint Louis,Mac’s Local Eats,74,4.5,['American (Traditional)'],/biz/macs-local-eats-st-louis,(545 reviews)
Saint Louis,The Req Room,94,4.4,"['Bars', 'Karaoke', 'American (Traditional)']",/biz/the-req-room-saint-louis,(22 reviews)
Saint Louis,Buzzs Hawaiian Grill,164,4.3,"['Hawaiian', 'Food Trucks']",/biz/buzzs-hawaiian-grill-st-louis-2,(52 reviews)
Saint Louis,SUSHI KOI,170,4.4,"['Sushi Bars', 'Japanese']",/biz/sushi-koi-st-louis,(219 reviews)
Charlotte,The Jimmy,23,4.0,"['Mediterranean', 'Italian', 'Pizza']",/biz/the-jimmy-charlotte,(64 reviews)
Charlotte,El Toro Bruto,75,4.5,['Mexican'],/biz/el-toro-bruto-charlotte,(22 reviews)
Charlotte,Ever Andalo,77,4.5,['Italian'],/biz/ever-andalo-charlotte,(127 reviews)
Charlotte,Caswell Station,162,3.8,"['Bars', 'American (New)']",/biz/caswell-station-charlotte-2,(199 reviews)
Charlotte,Day & Night Exotic Cereal Bar,169,4.3,"['Desserts', 'Ice Cream & Frozen Yogurt', 'Breakfast & Brunch']",/biz/day-and-night-exotic-cereal-bar-charlotte,(100 reviews)
Durham,Sister Liu’s Kitchen,25,4.5,['Chinese'],/biz/sister-lius-kitchen-durham-2,(257 reviews)
Durham,Juju Asian Tapas + Bar,27,4.3,"['Tapas/Small Plates', 'Asian Fusion', 'Bars']",/biz/juju-asian-tapas-bar-durham-3,(630 reviews)
Durham,Vin Rouge,93,4.1,"['French', 'Breakfast & Brunch', 'Wine Bars']",/biz/vin-rouge-durham,(566 reviews)
Durham,Bluebird,100,4.0,['French'],/biz/bluebird-chapel-hill,(58 reviews)
Durham,East Coast Asian Bistro,148,3.8,['Dim Sum'],/biz/east-coast-asian-bistro-durham-2,(311 reviews)
Durham,Kurama Japanese Seafood & Steak House Sushi Bar,177,3.5,"['Japanese', 'Sushi Bars']",/biz/kurama-japanese-seafood-and-steak-house-sushi-bar-durham-2,(132 reviews)
Raleigh,La Victoria,84,4.3,"['Mexican', 'Beer Bar', 'Cocktail Bars']",/biz/la-victoria-cary-2,(86 reviews)
Raleigh,The Angus Barn,88,4.1,"['Steakhouses', 'Lounges', 'American (Traditional)']",/biz/the-angus-barn-raleigh-2,(1.7k reviews)
Raleigh,Union Special,165,4.2,"['Bakeries', 'Cafes']",/biz/union-special-raleigh,(95 reviews)
Raleigh,FRESKO Greek Kitchen,173,4.2,"['Greek', 'Mediterranean']",/biz/fresko-greek-kitchen-raleigh,(138 reviews)
Raleigh,Cheeni,180,4.8,"['Coffee & Tea', 'Indian', 'Juice Bars & Smoothies']",/biz/cheeni-raleigh,(15 reviews)
Newark,Tribos Peri Peri,62,4.6,"['Halal', 'Portuguese', 'African']",/biz/tribos-peri-peri-newark,(8 reviews)
Newark,Primabel Bar & Restaurant,67,4.5,"['Bars', 'American (New)', 'Portuguese']",/biz/primabel-bar-and-restaurant-newark,(19 reviews)
Newark,McWhorter BBQ,100,4.2,['Barbeque'],/biz/mcwhorter-bbq-newark,(232 reviews)
Newark,Jayhan’s Grill,182,4.0,['Filipino'],/biz/jayhans-grill-jersey-city,(53 reviews)
Newark,Sigri Indian BBQ,188,4.2,"['Indian', 'Barbeque']",/biz/sigri-indian-bbq-newark,(73 reviews)
Princeton,Asian Bistro,55,3.8,"['Asian Fusion', 'Sushi Bars', 'Korean']",/biz/asian-bistro-princeton-junction,(407 reviews)
Princeton,Chaska,123,5.0,['American (Traditional)'],/biz/chaska-kendall-park,(1 review)
Princeton,Cava - Trenton,136,4.0,"['Mediterranean', 'Salad']",/biz/cava-trenton-trenton-2,(1 review)
Princeton,Baguette Bistro,137,4.5,"['Vietnamese', 'Sandwiches', 'Bubble Tea']",/biz/baguette-bistro-east-windsor,(166 reviews)
Princeton,Say Cheez Cafe,207,3.8,"['Sandwiches', 'Empanadas', 'Burgers']",/biz/say-cheez-cafe-princeton,(139 reviews)
Albuquerque,Sister,49,3.8,"['Bars', 'Music Venues', 'American (New)']",/biz/sister-albuquerque,(242 reviews)
Albuquerque,D.h. Lescombes Winery & Bistro,58,4.1,"['Wineries', 'French', 'American (New)']",/biz/d-h-lescombes-winery-and-bistro-albuquerque,(898 reviews)
Albuquerque,Viet’s Pho,162,4.6,['Vietnamese'],/biz/viets-pho-albuquerque-2,(193 reviews)
Albuquerque,Lulu’s Kitchen,173,3.9,['Chinese'],/biz/lulus-kitchen-albuquerque-2,(190 reviews)
Albuquerque,Oak Tree Cafe,178,3.9,"['Bars', 'American (Traditional)', 'Fast Food']",/biz/oak-tree-cafe-albuquerque,(170 reviews)
Santa Fe,Terracotta Wine Bistro,56,4.3,"['Wine Bars', 'American (Traditional)']",/biz/terracotta-wine-bistro-santa-fe,(406 reviews)
Santa Fe,Second Street Brewery At the Railyard,103,3.5,"['Breweries', 'Salad', 'Burgers']",/biz/second-street-brewery-at-the-railyard-santa-fe,(245 reviews)
Santa Fe,Andiamo!,134,3.7,"['Italian', 'Pizza', 'Vegetarian']",/biz/andiamo-santa-fe-2,(283 reviews)
Santa Fe,Del Charro,140,3.6,"['Bars', 'New Mexican Cuisine', 'American (Traditional)']",/biz/del-charro-santa-fe-2,(481 reviews)
Santa Fe,El Paisano,188,4.0,"['International Grocery', 'Mexican']",/biz/el-paisano-santa-fe-2,(14 reviews)
Las Vegas,BabyStacks Cafe - Spring Mountain,73,4.4,['Breakfast & Brunch'],/biz/babystacks-cafe-spring-mountain-las-vegas-2,(180 reviews)
Las Vegas,Hash House A Go Go,95,4.0,"['American (New)', 'Breakfast & Brunch']",/biz/hash-house-a-go-go-las-vegas-5,(8.4k reviews)
Las Vegas,Ichiza 1 Original,98,4.2,"['Izakaya', 'Ramen', 'Breakfast & Brunch']",/biz/ichiza-1-original-las-vegas,(2k reviews)
Las Vegas,ZIP Tofu & Grill,191,4.5,"['Soup', 'Korean']",/biz/zip-tofu-and-grill-no-title,(254 reviews)
Reno,Noodle Box Kitchen,6,4.9,"['Noodles', 'Asian Fusion', 'Salad']",/biz/noodle-box-kitchen-reno,(12 reviews)
Reno,SF Kitchen,10,4.4,"['Vietnamese', 'Chinese']",/biz/sf-kitchen-reno,(332 reviews)
Reno,Hanna’s Table,106,3.8,"['Bars', 'Breakfast & Brunch', 'American (Traditional)']",/biz/hannas-table-reno,(9 reviews)
Reno,Slim Chickens,134,3.8,"['Chicken Wings', 'Southern', 'Comfort Food']",/biz/slim-chickens-sparks-2,(74 reviews)
Reno,Sparks Water Bar,205,3.9,"['Bars', 'American (New)', 'Seafood']",/biz/sparks-water-bar-sparks,(377 reviews)
Reno,SouthCreek Pizza,208,4.4,['Pizza'],/biz/southcreek-pizza-reno,(635 reviews)
Brooklyn,French Louie,83,4.0,['French'],/biz/french-louie-brooklyn,(465 reviews)
Brooklyn,Menya & Izakaya,122,4.3,"['Ramen', 'Noodles']",/biz/menya-and-izakaya-brooklyn-2,(81 reviews)
Brooklyn,La Chacra,132,3.9,['Peruvian'],/biz/la-chacra-brooklyn,(321 reviews)
Brooklyn,Sugar’d,138,3.6,['Caribbean'],/biz/sugard-brooklyn,(35 reviews)
Long Island City,JoyPot,15,4.5,"['Hot Pot', 'Buffets']",/biz/joypot-long-island-city,(11 reviews)
Long Island City,Beebe’s,76,4.2,"['Pizza', 'Italian', 'Tapas/Small Plates']",/biz/beebes-long-island-city-4,(173 reviews)
Long Island City,da Adriano,94,4.7,"['Salad', 'Breakfast & Brunch', 'Cafes']",/biz/da-adriano-new-york,(18 reviews)
Long Island City,Clover Hill,99,4.5,['American (New)'],/biz/clover-hill-brooklyn,(47 reviews)
Long Island City,Cathédrale Restaurant,167,3.8,"['French', 'Mediterranean']",/biz/cath%C3%A9drale-restaurant-new-york-city,(440 reviews)
Long Island City,Taqueria Ramirez,179,4.5,['Mexican'],/biz/taqueria-ramirez-brooklyn,(156 reviews)
New York,Okdongsik,76,4.3,"['Korean', 'Soup', 'Soul Food']",/biz/okdongsik-new-york,(203 reviews)
New York,Douska,106,4.4,"['Sushi Bars', 'Japanese']",/biz/douska-new-york,(208 reviews)
New York,Tuk Tuk,133,4.0,['Thai'],/biz/tuk-tuk-long-island-city,(775 reviews)
New York,Blue Ribbon Brasserie - SoHo,186,4.3,"['American (Traditional)', 'Cocktail Bars', 'Desserts']",/biz/blue-ribbon-brasserie-soho-new-york,(1k reviews)
New York,Gordon Ramsay Fish & Chips,187,4.1,"['Fish & Chips', 'Juice Bars & Smoothies', 'Seafood']",/biz/gordon-ramsay-fish-and-chips-new-york-4,(168 reviews)
Flushing,Danubius Restaurant,50,4.8,['Modern European'],/biz/danubius-restaurant-sunnyside,(24 reviews)
Flushing,La Cabana,96,4.3,"['Latin American', 'Dominican']",/biz/la-cabana-corona-3,(193 reviews)
Flushing,Matiz Latin Cuisine,99,4.0,"['Latin American', 'Bars']",/biz/matiz-latin-cuisine-forest-hills,(364 reviews)
Flushing,My Kitchen,182,4.1,"['American (New)', 'Venues & Event Spaces']",/biz/my-kitchen-queens-2,(126 reviews)
Cincinnati,Biagio’s Bistro,34,4.1,['Italian'],/biz/biagios-bistro-cincinnati,(170 reviews)
Cincinnati,Adriatico’s,40,3.8,"['Pizza', 'Sports Bars']",/biz/adriaticos-cincinnati,(313 reviews)
Cincinnati,The Ludlow Garage,94,3.1,"['Music Venues', 'Bars', 'American (Traditional)']",/biz/the-ludlow-garage-cincinnati,(89 reviews)
Cincinnati,The Well,100,4.4,"['Bars', 'Venues & Event Spaces', 'Tapas/Small Plates']",/biz/the-well-covington,(20 reviews)
Cincinnati,Forno Osteria + Bar,201,4.4,"['Italian', 'Wine Bars', 'Pizza']",/biz/forno-osteria-bar-cincinnati,(345 reviews)
Cleveland,Mia Bella Restaurant,3,4.3,"['Mediterranean', 'Italian']",/biz/mia-bella-restaurant-cleveland,(920 reviews)
Cleveland,Marble Room Steaks and Raw Bar,9,4.4,"['Steakhouses', 'Seafood', 'Sushi Bars']",/biz/marble-room-steaks-and-raw-bar-cleveland,(654 reviews)
Cleveland,Fin & Feathers - Cleveland,106,3.7,"['Southern', 'Breakfast & Brunch', 'Cocktail Bars']",/biz/fin-and-feathers-cleveland-cleveland,(40 reviews)
Cleveland,Ghost Kitchen,109,4.7,"['Chicken Wings', 'Food Delivery Services']",/biz/ghost-kitchen-cleveland-2,(3 reviews)
Cleveland,Edison’s Next Door Pizza,150,2.7,['Pizza'],/biz/edison-s-next-door-pizza-cleveland,(3 reviews)
Columbus,SŌW Plated,45,4.3,['American (New)'],/biz/s%C5%8Dw-plated-upper-arlington-2,(257 reviews)
Columbus,Ray Ray’s Hog Pit,76,4.5,"['Barbeque', 'Food Trucks']",/biz/ray-rays-hog-pit-columbus-2,(459 reviews)
Columbus,Los Agavez Taqueria,77,4.9,"['Mexican', 'Food Trucks']",/biz/los-agavez-taqueria-columbus,(117 reviews)
Columbus,Santos614,146,4.0,"['Steakhouses', 'Cocktail Bars', 'Seafood']",/biz/santos614-columbus,(40 reviews)
Columbus,Veritas,148,4.1,"['Cocktail Bars', 'American (Traditional)']",/biz/veritas-columbus-2,(138 reviews)
Portland,Janken,14,4.4,"['Japanese', 'Korean', 'Cocktail Bars']",/biz/janken-portland,(211 reviews)
Portland,Bullard Tavern,55,4.3,"['Bars', 'Tapas/Small Plates', 'Tex-Mex']",/biz/bullard-tavern-portland,(232 reviews)
Portland,Mercato,58,4.8,"['Wine Bars', 'Italian', 'Pizza']",/biz/mercato-portland-2,(4 reviews)
Portland,Feel Good,143,4.4,"['Vegetarian', 'Gluten-Free', 'Vegan']",/biz/feel-good-portland,(27 reviews)
Portland,Bamboo Grove Hawaiian Grille,196,4.0,['Hawaiian'],/biz/bamboo-grove-hawaiian-grille-portland,(551 reviews)
Salem,La Vida Catrina,33,4.5,"['Mexican', 'Seafood', 'Cocktail Bars']",/biz/la-vida-catrina-salem-2,(122 reviews)
Salem,Annette’s Westgate,61,3.9,"['American (Traditional)', 'Lounges', 'Cafes']",/biz/annettes-westgate-salem,(398 reviews)
Salem,The Manila Fiesta,68,4.8,['Filipino'],/biz/the-manila-fiesta-salem,(88 reviews)
Salem,Lonney’s Lunch Wagon,133,4.2,"['Food Trucks', 'Hawaiian']",/biz/lonney-s-lunch-wagon-independence,(32 reviews)
Salem,Fiesta Pizza,201,4.5,['Pizza'],/biz/fiesta-pizza-salem,(35 reviews)
Salem,Olive Garden Italian Restaurant,210,3.4,"['Italian', 'Salad', 'Soup']",/biz/olive-garden-italian-restaurant-salem-3,(200 reviews)
Philadelphia,Harp & Crown,27,4.1,"['American (New)', 'Gastropubs']",/biz/harp-and-crown-philadelphia,(1.1k reviews)
Philadelphia,Vybz Cuisine,70,5.0,"['Caribbean', 'Hookah Bars']",/biz/vybz-cuisine-philadelphia,(1 review)
Philadelphia,La Chinesca,153,3.8,"['New Mexican Cuisine', 'Bars', 'Chinese']",/biz/la-chinesca-philadelphia,(148 reviews)
Philadelphia,Pungnyeon Katsu,181,4.6,['Japanese'],/biz/pungnyeon-katsu-philadelphia,(27 reviews)
Pittsburgh,Kiin Lao & Thai Eatery,33,4.3,"['Laotian', 'Thai']",/biz/kiin-lao-and-thai-eatery-pittsburgh,(204 reviews)
Pittsburgh,Nanban,65,3.9,"['Empanadas', 'Ramen']",/biz/nanban-pittsburgh,(142 reviews)
Pittsburgh,The Vandal,67,4.1,"['Breakfast & Brunch', 'Wine Bars', 'American (Traditional)']",/biz/the-vandal-pittsburgh,(313 reviews)
Pittsburgh,Stack’d Burgers & Beer - Oakland,164,3.8,"['American (Traditional)', 'Burgers', 'Bars']",/biz/stackd-burgers-and-beer-oakland-pittsburgh-3,(230 reviews)
Pittsburgh,Red’s Good News,202,4.9,"['Sports Bars', 'Sandwiches']",/biz/reds-good-news-pittsburgh,(30 reviews)
Pittsburgh,3 Rivers Restaurant,209,2.2,['American (New)'],/biz/3-rivers-restaurant-pittsburgh,(12 reviews)
Providence,Fogo de Chão Brazilian Steakhouse,20,4.4,"['Brazilian', 'Steakhouses', 'Breakfast & Brunch']",/biz/fogo-de-ch%C3%A3o-brazilian-steakhouse-coming-soon-providence,(5 reviews)
Providence,Honeybird,59,4.1,"['Southern', 'Cocktail Bars']",/biz/honeybird-east-providence,(87 reviews)
Providence,G Pub,152,3.7,"['Gastropubs', 'Sports Bars', 'Arcades']",/biz/g-pub-providence-4,(377 reviews)
Providence,Bellini - Providence,159,3.4,"['Italian', 'Cocktail Bars', 'Sandwiches']",/biz/bellini-providence-providence,(50 reviews)
Charleston,MESU,15,4.3,"['Mexican', 'Sushi Bars', 'Asian Fusion']",/biz/mesu-charleston,(304 reviews)
Charleston,Mondo’s Italian Restaurant,66,4.3,['Italian'],/biz/mondos-italian-restaurant-charleston,(270 reviews)
Charleston,CudaCo,126,4.6,"['Seafood Markets', 'Seafood']",/biz/cudaco-charleston-2,(65 reviews)
Charleston,Legend Deli,146,5.0,"['Sandwiches', 'Delis']",/biz/legend-deli-charleston,(25 reviews)
Charleston,The Royal American,147,4.2,"['American (Traditional)', 'Music Venues', 'Dive Bars']",/biz/the-royal-american-charleston,(160 reviews)
Charleston,Gingerline,187,4.2,"['Cocktail Bars', 'Latin American', 'Seafood']",/biz/gingerline-charleston,(78 reviews)
Memphis,Mahogany Memphis,38,3.5,"['Cajun/Creole', 'Southern', 'Wine Bars']",/biz/mahogany-memphis-memphis,(226 reviews)
Memphis,Flames Mediterranean & grill,87,3.6,"['Mediterranean', 'Greek', 'American (Traditional)']",/biz/flames-mediterranean-and-grill-memphis-4,(54 reviews)
Memphis,Kermit’s Wings & Things,152,5.0,"['Chicken Wings', 'American (Traditional)']",/biz/kermits-wings-and-things-memphis,(9 reviews)
Memphis,Picosos,159,4.3,['Mexican'],/biz/picosos-memphis,(26 reviews)
Memphis,Cafe Olé,189,2.8,"['Mexican', 'Tex-Mex']",/biz/cafe-ol%C3%A9-memphis-3,(327 reviews)
Nashville,The Butter Milk Ranch,10,4.5,"['Breakfast & Brunch', 'Bakeries']",/biz/the-butter-milk-ranch-nashville,(402 reviews)
Nashville,Monell’s Dining & Catering,104,4.6,"['Southern', 'Soul Food', 'Breakfast & Brunch']",/biz/monells-dining-and-catering-nashville,(1.8k reviews)
Nashville,Good  Times Full Service Bar,108,5.0,"['Bars', 'Sandwiches']",/biz/good-times-full-service-bar-nashville,(1 review)
Nashville,Carne Mare,158,4.0,"['Steakhouses', 'Italian']",/biz/carne-mare-nashville,(98 reviews)
Nashville,The 404 Kitchen,180,3.6,"['American (New)', 'Modern European', 'Desserts']",/biz/the-404-kitchen-nashville,(391 reviews)
Austin,Eureka! - Austin,48,4.1,['American (Traditional)'],/biz/eureka-austin-austin,(1.1k reviews)
Austin,Bar 508 Mezcalerita,112,4.4,"['Cocktail Bars', 'Tacos']",/biz/bar-508-mezcalerita-austin,(75 reviews)
Austin,68 Degrees Kitchen,143,3.8,['Italian'],/biz/68-degrees-kitchen-austin-2,(160 reviews)
Austin,Marufuku Ramen,186,4.2,"['Ramen', 'Noodles']",/biz/marufuku-ramen-austin,(231 reviews)
Austin,Lazarus Brewing,187,4.4,"['Breweries', 'Tacos', 'Coffee Roasteries']",/biz/lazarus-brewing-austin,(593 reviews)
Dallas,Bobbies Airway Grill,81,4.0,['American (New)'],/biz/bobbies-airway-grill-dallas,(46 reviews)
Dallas,Doce Mesas,124,4.2,"['Mexican', 'Bars']",/biz/doce-mesas-dallas-5,(40 reviews)
Dallas,Café Hunan,130,4.1,"['Chinese', 'Noodles', 'Halal']",/biz/caf%C3%A9-hunan-dallas-12,(31 reviews)
Dallas,Anise,157,4.2,"['Wine Bars', 'Mediterranean']",/biz/anise-dallas,(52 reviews)
Dallas,Spider Murphy,207,4.1,"['Bars', 'American (Traditional)', 'Sandwiches']",/biz/spider-murphy-dallas,(26 reviews)
Houston,Fig & Olive,56,3.9,"['French', 'Mediterranean', 'Bars']",/biz/fig-and-olive-houston-3,(408 reviews)
Houston,The Manor House,60,4.0,"['Southern', 'Bars', 'Cajun/Creole']",/biz/the-manor-house-houston-2,(9 reviews)
Houston,Kazami Ramen Izakaya,144,4.0,"['Ramen', 'Izakaya']",/biz/kazami-ramen-izakaya-houston,(1 review)
Houston,Krisp Korean Fried Chicken,148,4.3,"['Chicken Shop', 'Korean']",/biz/krisp-korean-fried-chicken-houston-3,(272 reviews)
Houston,Katz’s Galleria,190,3.3,['Delis'],/biz/katz-s-galleria-houston,(54 reviews)
San Antonio,The Ridge at the Hill,63,5.0,"['Bars', 'American (Traditional)', 'Sandwiches']",/biz/the-ridge-at-the-hill-san-antonio,(7 reviews)
San Antonio,Pancake Joe’s,104,4.2,"['Breakfast & Brunch', 'Pop-Up Restaurants']",/biz/pancake-joes-san-antonio-2,(1.4k reviews)
San Antonio,PB&J with Tay,144,4.9,"['Sandwiches', 'Comfort Food']",/biz/pb-and-j-with-tay-san-antonio,(85 reviews)
San Antonio,Pho Kim Long,182,3.8,"['Vietnamese', 'Chinese']",/biz/pho-kim-long-san-antonio-2,(399 reviews)
Salt Lake City,Pig & a Jelly Jar,42,3.8,"['Breakfast & Brunch', 'Comfort Food', 'American (New)']",/biz/pig-and-a-jelly-jar-salt-lake-city,(2.3k reviews)
Salt Lake City,Afghan Kitchen,76,4.9,"['Middle Eastern', 'Afghan']",/biz/afghan-kitchen-salt-lake-city-3,(122 reviews)
Salt Lake City,Squatters Pub Brewery,80,3.8,"['Brewpubs', 'Salad']",/biz/squatters-pub-brewery-salt-lake-city-4,(1.3k reviews)
Salt Lake City,Stanza Italian Bistro & Wine Bar,130,4.0,"['Italian', 'Wine Bars', 'Tapas/Small Plates']",/biz/stanza-italian-bistro-and-wine-bar-salt-lake-city,(258 reviews)
Salt Lake City,Monkeywrench,173,4.4,"['Desserts', 'Vegan', 'Ice Cream & Frozen Yogurt']",/biz/monkeywrench-salt-lake-city-3,(280 reviews)
Alexandria,El Texano Bar and Grill,41,4.5,"['Mexican', 'Coffee & Tea', 'Bars']",/biz/el-texano-bar-and-grill-alexandria,(20 reviews)
Alexandria,WNB FACTORY,65,4.3,"['Burgers', 'Chicken Wings', 'Food Trucks']",/biz/wnb-factory-alexandria,(18 reviews)
Alexandria,Gordon Ramsay Hell’s Kitchen,126,4.1,"['Desserts', 'Vegan', 'Cocktail Bars']",/biz/gordon-ramsay-hells-kitchen-washington-3,(395 reviews)
Alexandria,Lumings,151,4.3,"['Filipino', 'Seafood', 'Barbeque']",/biz/lumings-fort-washington,(119 reviews)
Alexandria,Puzukan Korean BBQ,157,4.4,"['Korean', 'Barbeque', 'Chicken Shop']",/biz/puzukan-korean-bbq-alexandria-3,(75 reviews)
Arlington,Kaldi’s Social House,41,4.4,"['Breakfast & Brunch', 'Coffee & Tea', 'Cocktail Bars']",/biz/kaldi-s-social-house-arlington,(202 reviews)
Arlington,Poppyseed Rye,75,4.6,"['Sandwiches', 'Florists']",/biz/poppyseed-rye-arlington,(66 reviews)
Arlington,Copperwood Tavern,79,3.8,"['American (New)', 'Breakfast & Brunch', 'Bars']",/biz/copperwood-tavern-arlington,(1.1k reviews)
Arlington,Astoria DC,151,4.3,"['Szechuan', 'Cocktail Bars']",/biz/astoria-dc-washington,(336 reviews)
Arlington,Lutèce,184,4.4,"['French', 'Bars']",/biz/lut%C3%A8ce-washington-2,(140 reviews)
Arlington,Buuz Thai Eatery,187,3.8,"['Thai', 'Mongolian']",/biz/buuz-thai-eatery-arlington,(278 reviews)
Richmond,Get Tight Lounge,29,4.5,"['Lounges', 'Sandwiches']",/biz/get-tight-lounge-richmond,(21 reviews)
Richmond,Shake Shack Willow Place,105,2.9,"['Burgers', 'Juice Bars & Smoothies', 'Hot Dogs']",/biz/shake-shack-willow-place-richmond-2,(51 reviews)
Richmond,Moore Street Café,110,4.5,"['Cafes', 'Breakfast & Brunch', 'Burgers']",/biz/moore-street-caf%C3%A9-richmond-2,(291 reviews)
Richmond,Akida Japanese,182,4.3,['Japanese'],/biz/akida-japanese-richmond-2,(196 reviews)
Richmond,Early Bird Biscuit Company,187,4.4,"['Bakeries', 'Coffee & Tea', 'Breakfast & Brunch']",/biz/early-bird-biscuit-company-richmond,(388 reviews)
Burlington,Sea Shanty Fish & Chips,38,4.6,"['Seafood', 'Fish & Chips', 'Fast Food']",/biz/sea-shanty-fish-and-chips-burlington,(14 reviews)
Burlington,Deli 126,77,3.6,"['Cocktail Bars', 'Sandwiches']",/biz/deli-126-burlington,(9 reviews)
Bellevue,Din Tai Fung,42,4.0,"['Taiwanese', 'Dim Sum', 'Noodles']",/biz/din-tai-fung-bellevue-4,(4.6k reviews)
Bellevue,Monserrate Colombian Cuisine,56,5.0,['Colombian'],/biz/monserrate-colombian-cuisine-bellevue,(5 reviews)
Bellevue,Hot Pot Factory,121,4.0,"['Hot Pot', 'Seafood']",/biz/hot-pot-factory-redmond,(9 reviews)
Bellevue,Burgermaster,132,4.0,['Burgers'],/biz/burgermaster-bellevue,(539 reviews)
Bellevue,Shahana Steakhouse - Burger N Gyros,201,3.8,"['Burgers', 'Indian', 'Pizza']",/biz/shahana-steakhouse-burger-n-gyros-bellevue,(98 reviews)
Redmond,Noon Cafe,15,4.9,"['Cafes', 'Persian/Iranian']",/biz/noon-cafe-kirkland,(27 reviews)
Redmond,Matador Redmond,20,3.5,"['Mexican', 'Tex-Mex', 'Cocktail Bars']",/biz/the-matador-redmond-redmond,(1k reviews)
Redmond,Komorebi Sushi & Rolls,122,4.6,"['Japanese', 'Sushi Bars', 'Seafood']",/biz/komorebi-sushi-and-rolls-kirkland,(18 reviews)
Redmond,Brown’s Stockyard Exchange,166,2.9,"['Breakfast & Brunch', 'American (Traditional)', 'Sports Bars']",/biz/browns-stockyard-exchange-redmond-3,(34 reviews)
Redmond,The Original Pancake House,204,3.0,"['Pancakes', 'American (Traditional)']",/biz/the-original-pancake-house-redmond-2,(242 reviews)
Redmond,Woodinville Cafe,207,4.1,"['Breakfast & Brunch', 'American (Traditional)', 'Diners']",/biz/woodinville-cafe-woodinville,(583 reviews)
Seattle,Cora Pizza & Plates,66,5.0,"['Pizza', 'Salad', 'Beer, Wine & Spirits']",/biz/cora-pizza-and-plates-seattle,(3 reviews)
Seattle,Violet,113,4.4,['American (New)'],/biz/violet-seattle-2,(142 reviews)
Seattle,Meet the Moon,118,4.0,"['Breakfast & Brunch', 'Bars', 'Comfort Food']",/biz/meet-the-moon-seattle,(699 reviews)
Seattle,Dim Sum Square,203,4.5,"['Dim Sum', 'Noodles', 'Cantonese']",/biz/dim-sum-square-seattle,(11 reviews)
Madison,Graze,6,3.9,['American (New)'],/biz/graze-madison,(1.3k reviews)
Madison,The Old Fashioned,9,4.1,"['American (Traditional)', 'Breakfast & Brunch', 'Beer Bar']",/biz/the-old-fashioned-madison,(2.3k reviews)
Madison,Fuki hot pot,79,4.5,['Hot Pot'],/biz/fuki-hot-pot-no-title,(10 reviews)
Madison,El Wiscorican,130,4.8,"['Food Trucks', 'Puerto Rican']",/biz/el-wiscorican-madison,(13 reviews)
Madison,Palate Pleasures,137,5.0,"['Comfort Food', 'Soul Food', 'Tacos']",/biz/palate-pleasures-madison,(2 reviews)
Milwaukee,Zarletti,46,4.3,"['Italian', 'Wine Bars']",/biz/zarletti-milwaukee,(276 reviews)
Milwaukee,Lebnani House,76,4.4,"['Lebanese', 'Mediterranean', 'Arabic']",/biz/lebnani-house-milwaukee,(90 reviews)
Milwaukee,On Tap,106,4.0,"['Gastropubs', 'Pubs', 'American (New)']",/biz/on-tap-milwaukee,(45 reviews)
Milwaukee,Honeypie Cafe,110,4.1,"['American (New)', 'Breakfast & Brunch', 'Burgers']",/biz/honeypie-cafe-milwaukee,(814 reviews)
Milwaukee,Toast - Milwaukee,139,4.3,['Breakfast & Brunch'],/biz/toast-milwaukee-milwaukee,(574 reviews)
